image_url,annotation,Category,Decision
https://reconai-traffic.s3.eu-central-1.amazonaws.com/images/C0150200_r0_w0_2020-02-24_08-30-08.jpg,"{'boundingBox': {labels: ['Car', 'Van', 'Truck', 'Trailer', 'Bus', 'Motorbike', 'Bicycle', 'Heavy Equipment', 'Car Trailer', 'Tractor', 'Pedestrian'], value: []},}",-1,Incorrect
https://reconai-traffic.s3.eu-central-1.amazonaws.com/images/C0150200_r0_w0_2020-02-24_13-30-08.jpg,"{'boundingBox': {labels: ['Car', 'Van', 'Truck', 'Trailer', 'Bus', 'Motorbike', 'Bicycle', 'Heavy Equipment', 'Car Trailer', 'Tractor', 'Pedestrian'], value: [{height:39,label:'Car',left:202,top:201,width:62},{height:104,label:'Car',left:291,top:319,width:105},{height:23,label:'Car',left:109,top:146,width:26},{height:27,label:'Car',left:92,top:126,width:30}]},}",-1,Incorrect
https://reconai-traffic.s3.eu-central-1.amazonaws.com/images/C0150200_r0_w0_2020-02-24_18-30-08.jpg,"{'boundingBox': {labels: ['Car', 'Van', 'Truck', 'Trailer', 'Bus', 'Motorbike', 'Bicycle', 'Heavy Equipment', 'Car Trailer', 'Tractor', 'Pedestrian'], value: [{height:33,label:'Car',left:80,top:98,width:54},{height:12,label:'Car',left:169,top:112,width:15}]},}",1,Correct
https://reconai-traffic.s3.eu-central-1.amazonaws.com/images/C0150200_r0_w0_2020-02-25_11-30-08.jpg,"{'boundingBox': {labels: ['Car', 'Van', 'Truck', 'Trailer', 'Bus', 'Motorbike', 'Bicycle', 'Heavy Equipment', 'Car Trailer', 'Tractor', 'Pedestrian'], value: []},}",-1,Incorrect
https://reconai-traffic.s3.eu-central-1.amazonaws.com/images/C0150200_r0_w0_2020-02-25_16-06-08.jpg,"{'boundingBox': {labels: ['Car', 'Van', 'Truck', 'Trailer', 'Bus', 'Motorbike', 'Bicycle', 'Heavy Equipment', 'Car Trailer', 'Tractor', 'Pedestrian'], value: [{height:151,label:'Car',left:445,top:408,width:140},{height:139,label:'Trailer',left:334,top:316,width:117},{height:50,label:'Car',left:177,top:208,width:59},{height:44,label:'Car',left:114,top:152,width:50}]},}",-3,Incorrect
https://reconai-traffic.s3.eu-central-1.amazonaws.com/images/C0150200_r0_w0_2020-02-26_08-54-08.jpg,"{'boundingBox': {labels: ['Car', 'Van', 'Truck', 'Trailer', 'Bus', 'Motorbike', 'Bicycle', 'Heavy Equipment', 'Car Trailer', 'Tractor', 'Pedestrian'], value: []},}",1,Correct
https://reconai-traffic.s3.eu-central-1.amazonaws.com/images/C0150200_r0_w0_2020-02-28_01-54-08.jpg,"{'boundingBox': {labels: ['Car', 'Van', 'Truck', 'Trailer', 'Bus', 'Motorbike', 'Bicycle', 'Heavy Equipment', 'Car Trailer', 'Tractor', 'Pedestrian'], value: []},}",1,Correct
https://reconai-traffic.s3.eu-central-1.amazonaws.com/images/C0150200_r0_w0_2020-02-29_07-54-08.jpg,"{'boundingBox': {labels: ['Car', 'Van', 'Truck', 'Trailer', 'Bus', 'Motorbike', 'Bicycle', 'Heavy Equipment', 'Car Trailer', 'Tractor', 'Pedestrian'], value: [{height:7,label:'Car',left:94,top:120,width:8},{height:6,label:'Car',left:107,top:114,width:7},{height:9,label:'Truck',left:99,top:109,width:8},{height:4,label:'Car',left:168,top:116,width:6},{height:3,label:'Car',left:154,top:105,width:4},{height:4,label:'Car',left:168,top:116,width:5}]},}",5,Correct
https://reconai-traffic.s3.eu-central-1.amazonaws.com/images/C0150200_r0_w0_2020-03-03_01-54-08.jpg,"{'boundingBox': {labels: ['Car', 'Van', 'Truck', 'Trailer', 'Bus', 'Motorbike', 'Bicycle', 'Heavy Equipment', 'Car Trailer', 'Tractor', 'Pedestrian'], value: [{height:20,label:'Car',left:230,top:136,width:31}]},}",3,Correct
https://reconai-traffic.s3.eu-central-1.amazonaws.com/images/C0150200_r0_w0_2020-03-03_19-54-08.jpg,"{'boundingBox': {labels: ['Car', 'Van', 'Truck', 'Trailer', 'Bus', 'Motorbike', 'Bicycle', 'Heavy Equipment', 'Car Trailer', 'Tractor', 'Pedestrian'], value: []},}",1,Correct
https://reconai-traffic.s3.eu-central-1.amazonaws.com/images/C0150200_r0_w0_2020-03-07_13-54-08.jpg,"{'boundingBox': {labels: ['Car', 'Van', 'Truck', 'Trailer', 'Bus', 'Motorbike', 'Bicycle', 'Heavy Equipment', 'Car Trailer', 'Tractor', 'Pedestrian'], value: [{height:12,label:'Car',left:87,top:116,width:14},{height:14,label:'Car',left:235,top:145,width:23},{height:19,label:'Bus',left:292,top:152,width:29}]},}",1,Correct
https://reconai-traffic.s3.eu-central-1.amazonaws.com/images/C0150200_r0_w0_2020-03-08_13-54-08.jpg,"{'boundingBox': {labels: ['Car', 'Van', 'Truck', 'Trailer', 'Bus', 'Motorbike', 'Bicycle', 'Heavy Equipment', 'Car Trailer', 'Tractor', 'Pedestrian'], value: []},}",-3,Incorrect
https://reconai-traffic.s3.eu-central-1.amazonaws.com/images/C0150200_r0_w0_2020-03-11_19-54-08.jpg,"{'boundingBox': {labels: ['Car', 'Van', 'Truck', 'Trailer', 'Bus', 'Motorbike', 'Bicycle', 'Heavy Equipment', 'Car Trailer', 'Tractor', 'Pedestrian'], value: [{height:28,label:'Car',left:105,top:212,width:38},{height:86,label:'Truck',left:572,top:225,width:70}]},}",1,Correct
https://reconai-traffic.s3.eu-central-1.amazonaws.com/images/C0150200_r0_w0_2020-03-12_07-54-08.jpg,"{'boundingBox': {labels: ['Car', 'Van', 'Truck', 'Trailer', 'Bus', 'Motorbike', 'Bicycle', 'Heavy Equipment', 'Car Trailer', 'Tractor', 'Pedestrian'], value: [{height:13,label:'Car',left:212,top:203,width:19},{height:38,label:'Car',left:408,top:537,width:84},{height:20,label:'Car',left:555,top:263,width:27}]},}",3,Correct
https://reconai-traffic.s3.eu-central-1.amazonaws.com/images/C0150200_r0_w0_2020-03-13_13-54-08.jpg,"{'boundingBox': {labels: ['Car', 'Van', 'Truck', 'Trailer', 'Bus', 'Motorbike', 'Bicycle', 'Heavy Equipment', 'Car Trailer', 'Tractor', 'Pedestrian'], value: [{height:73,label:'Car',left:274,top:290,width:64},{height:50,label:'Car',left:238,top:213,width:53},{height:33,label:'Car',left:95,top:126,width:28}]},}",-5,Incorrect
https://reconai-traffic.s3.eu-central-1.amazonaws.com/images/C0150200_r0_w0_2020-03-15_01-54-08.jpg,"{'boundingBox': {labels: ['Car', 'Van', 'Truck', 'Trailer', 'Bus', 'Motorbike', 'Bicycle', 'Heavy Equipment', 'Car Trailer', 'Tractor', 'Pedestrian'], value: []},}",1,Correct
https://reconai-traffic.s3.eu-central-1.amazonaws.com/images/C0150200_r0_w0_2020-03-16_19-54-08.jpg,"{'boundingBox': {labels: ['Car', 'Van', 'Truck', 'Trailer', 'Bus', 'Motorbike', 'Bicycle', 'Heavy Equipment', 'Car Trailer', 'Tractor', 'Pedestrian'], value: []},}",3,Correct
https://reconai-traffic.s3.eu-central-1.amazonaws.com/images/C0150200_r0_w0_2020-03-17_13-54-08.jpg,"{'boundingBox': {labels: ['Car', 'Van', 'Truck', 'Trailer', 'Bus', 'Motorbike', 'Bicycle', 'Heavy Equipment', 'Car Trailer', 'Tractor', 'Pedestrian'], value: [{height:37,label:'Car',left:85,top:111,width:35},{height:97,label:'Truck',left:272,top:313,width:104}]},}",1,Correct
https://reconai-traffic.s3.eu-central-1.amazonaws.com/images/C0150200_r0_w0_2020-03-21_13-54-08.jpg,"{'boundingBox': {labels: ['Car', 'Van', 'Truck', 'Trailer', 'Bus', 'Motorbike', 'Bicycle', 'Heavy Equipment', 'Car Trailer', 'Tractor', 'Pedestrian'], value: []},}",1,Correct
https://reconai-traffic.s3.eu-central-1.amazonaws.com/images/C0150200_r0_w0_2020-03-22_01-54-08.jpg,"{'boundingBox': {labels: ['Car', 'Van', 'Truck', 'Trailer', 'Bus', 'Motorbike', 'Bicycle', 'Heavy Equipment', 'Car Trailer', 'Tractor', 'Pedestrian'], value: [{height:56,label:'Car',left:359,top:169,width:130}]},}",-1,Incorrect
https://reconai-traffic.s3.eu-central-1.amazonaws.com/images/C0150200_r0_w0_2020-03-22_13-54-08.jpg,"{'boundingBox': {labels: ['Car', 'Van', 'Truck', 'Trailer', 'Bus', 'Motorbike', 'Bicycle', 'Heavy Equipment', 'Car Trailer', 'Tractor', 'Pedestrian'], value: [{height:49,label:'Car',left:604,top:233,width:65}]},}",3,Correct
https://reconai-traffic.s3.eu-central-1.amazonaws.com/images/C0150200_r0_w0_2020-03-22_19-54-08.jpg,"{'boundingBox': {labels: ['Car', 'Van', 'Truck', 'Trailer', 'Bus', 'Motorbike', 'Bicycle', 'Heavy Equipment', 'Car Trailer', 'Tractor', 'Pedestrian'], value: [{height:60,label:'Truck',left:442,top:166,width:31},{height:74,label:'Trailer',left:480,top:171,width:53}]},}",-3,Incorrect
https://reconai-traffic.s3.eu-central-1.amazonaws.com/images/C0150200_r0_w0_2020-03-23_07-54-08.jpg,"{'boundingBox': {labels: ['Car', 'Van', 'Truck', 'Trailer', 'Bus', 'Motorbike', 'Bicycle', 'Heavy Equipment', 'Car Trailer', 'Tractor', 'Pedestrian'], value: [{height:280,label:'Truck',left:200,top:217,width:334},{height:16,label:'Car',left:288,top:151,width:19},{height:20,label:'Car',left:429,top:189,width:45},{height:21,label:'Car',left:93,top:127,width:26}]},}",-1,Incorrect
https://reconai-traffic.s3.eu-central-1.amazonaws.com/images/C0150200_r0_w0_2020-03-23_13-54-08.jpg,"{'boundingBox': {labels: ['Car', 'Van', 'Truck', 'Trailer', 'Bus', 'Motorbike', 'Bicycle', 'Heavy Equipment', 'Car Trailer', 'Tractor', 'Pedestrian'], value: []},}",-5,Incorrect
https://reconai-traffic.s3.eu-central-1.amazonaws.com/images/C0150200_r0_w0_2020-03-24_07-54-08.jpg,"{'boundingBox': {labels: ['Car', 'Van', 'Truck', 'Trailer', 'Bus', 'Motorbike', 'Bicycle', 'Heavy Equipment', 'Car Trailer', 'Tractor', 'Pedestrian'], value: [{height:63,label:'Van',left:118,top:142,width:52}]},}",-3,Incorrect
https://reconai-traffic.s3.eu-central-1.amazonaws.com/images/C0150200_r0_w0_2020-03-24_19-54-08.jpg,"{'boundingBox': {labels: ['Car', 'Van', 'Truck', 'Trailer', 'Bus', 'Motorbike', 'Bicycle', 'Heavy Equipment', 'Car Trailer', 'Tractor', 'Pedestrian'], value: []},}",3,Correct
https://reconai-traffic.s3.eu-central-1.amazonaws.com/images/C0150200_r0_w0_2020-03-25_13-54-08.jpg,"{'boundingBox': {labels: ['Car', 'Van', 'Truck', 'Trailer', 'Bus', 'Motorbike', 'Bicycle', 'Heavy Equipment', 'Car Trailer', 'Tractor', 'Pedestrian'], value: []},}",-1,Incorrect
https://reconai-traffic.s3.eu-central-1.amazonaws.com/images/C0150200_r0_w0_2020-03-26_07-54-08.jpg,"{'boundingBox': {labels: ['Car', 'Van', 'Truck', 'Trailer', 'Bus', 'Motorbike', 'Bicycle', 'Heavy Equipment', 'Car Trailer', 'Tractor', 'Pedestrian'], value: [{height:11,label:'Car',left:347,top:173,width:19},{height:4,label:'Car',left:97,top:119,width:5},{height:203,label:'Trailer',left:429,top:370,width:284}]},}",3,Correct
https://reconai-traffic.s3.eu-central-1.amazonaws.com/images/C0150200_r0_w0_2020-03-26_19-54-08.jpg,"{'boundingBox': {labels: ['Car', 'Van', 'Truck', 'Trailer', 'Bus', 'Motorbike', 'Bicycle', 'Heavy Equipment', 'Car Trailer', 'Tractor', 'Pedestrian'], value: [{height:51,label:'Car',left:78,top:105,width:46}]},}",1,Correct
https://reconai-traffic.s3.eu-central-1.amazonaws.com/images/C0150200_r0_w0_2020-03-28_19-54-08.jpg,"{'boundingBox': {labels: ['Car', 'Van', 'Truck', 'Trailer', 'Bus', 'Motorbike', 'Bicycle', 'Heavy Equipment', 'Car Trailer', 'Tractor', 'Pedestrian'], value: []},}",3,Correct
https://reconai-traffic.s3.eu-central-1.amazonaws.com/images/C0150200_r0_w0_2020-03-29_07-54-08.jpg,"{'boundingBox': {labels: ['Car', 'Van', 'Truck', 'Trailer', 'Bus', 'Motorbike', 'Bicycle', 'Heavy Equipment', 'Car Trailer', 'Tractor', 'Pedestrian'], value: []},}",1,Correct
https://reconai-traffic.s3.eu-central-1.amazonaws.com/images/C0150401_r0_w0_2020-02-24_09-26-38.jpg,"{'boundingBox': {labels: ['Car', 'Van', 'Truck', 'Trailer', 'Bus', 'Motorbike', 'Bicycle', 'Heavy Equipment', 'Car Trailer', 'Tractor', 'Pedestrian'], value: []},}",1,Correct
https://reconai-traffic.s3.eu-central-1.amazonaws.com/images/C0150401_r0_w0_2020-02-24_13-26-38.jpg,"{'boundingBox': {labels: ['Car', 'Van', 'Truck', 'Trailer', 'Bus', 'Motorbike', 'Bicycle', 'Heavy Equipment', 'Car Trailer', 'Tractor', 'Pedestrian'], value: []},}",1,Correct
https://reconai-traffic.s3.eu-central-1.amazonaws.com/images/C0150401_r0_w0_2020-02-24_16-02-38.jpg,"{'boundingBox': {labels: ['Car', 'Van', 'Truck', 'Trailer', 'Bus', 'Motorbike', 'Bicycle', 'Heavy Equipment', 'Car Trailer', 'Tractor', 'Pedestrian'], value: []},}",3,Correct
https://reconai-traffic.s3.eu-central-1.amazonaws.com/images/C0150401_r0_w0_2020-02-25_11-32-22.jpg,"{'boundingBox': {labels: ['Car', 'Van', 'Truck', 'Trailer', 'Bus', 'Motorbike', 'Bicycle', 'Heavy Equipment', 'Car Trailer', 'Tractor', 'Pedestrian'], value: [{height:78,label:'Car',left:137,top:145,width:59}]},}",-3,Incorrect
https://reconai-traffic.s3.eu-central-1.amazonaws.com/images/C0150401_r0_w0_2020-02-25_16-08-23.jpg,"{'boundingBox': {labels: ['Car', 'Van', 'Truck', 'Trailer', 'Bus', 'Motorbike', 'Bicycle', 'Heavy Equipment', 'Car Trailer', 'Tractor', 'Pedestrian'], value: [{height:29,label:'Car',left:88,top:91,width:34},{height:18,label:'Car',left:158,top:59,width:27},{height:12,label:'Car',left:112,top:30,width:17}]},}",3,Correct
https://reconai-traffic.s3.eu-central-1.amazonaws.com/images/C0150401_r0_w0_2020-02-25_17-44-23.jpg,"{'boundingBox': {labels: ['Car', 'Van', 'Truck', 'Trailer', 'Bus', 'Motorbike', 'Bicycle', 'Heavy Equipment', 'Car Trailer', 'Tractor', 'Pedestrian'], value: []},}",5,Correct
https://reconai-traffic.s3.eu-central-1.amazonaws.com/images/C0150401_r0_w0_2020-02-26_08-56-23.jpg,"{'boundingBox': {labels: ['Car', 'Van', 'Truck', 'Trailer', 'Bus', 'Motorbike', 'Bicycle', 'Heavy Equipment', 'Car Trailer', 'Tractor', 'Pedestrian'], value: [{height:43,label:'Car',left:31,top:0,width:54}]},}",1,Correct
https://reconai-traffic.s3.eu-central-1.amazonaws.com/images/C0150401_r0_w0_2020-02-26_11-56-23.jpg,"{'boundingBox': {labels: ['Car', 'Van', 'Truck', 'Trailer', 'Bus', 'Motorbike', 'Bicycle', 'Heavy Equipment', 'Car Trailer', 'Tractor', 'Pedestrian'], value: [{height:63,label:'Car',left:115,top:148,width:78},{height:39,label:'Car',left:81,top:54,width:34}]},}",1,Correct
https://reconai-traffic.s3.eu-central-1.amazonaws.com/images/C0150401_r0_w0_2020-02-26_15-56-23.jpg,"{'boundingBox': {labels: ['Car', 'Van', 'Truck', 'Trailer', 'Bus', 'Motorbike', 'Bicycle', 'Heavy Equipment', 'Car Trailer', 'Tractor', 'Pedestrian'], value: [{height:49,label:'Car',left:92,top:100,width:54},{height:41,label:'Car',left:163,top:67,width:59},{height:35,label:'Car',left:51,top:24,width:44}]},}",3,Correct
https://reconai-traffic.s3.eu-central-1.amazonaws.com/images/C0150401_r0_w0_2020-02-26_19-56-22.jpg,"{'boundingBox': {labels: ['Car', 'Van', 'Truck', 'Trailer', 'Bus', 'Motorbike', 'Bicycle', 'Heavy Equipment', 'Car Trailer', 'Tractor', 'Pedestrian'], value: []},}",1,Correct
https://reconai-traffic.s3.eu-central-1.amazonaws.com/images/C0150401_r0_w0_2020-02-27_01-56-23.jpg,"{'boundingBox': {labels: ['Car', 'Van', 'Truck', 'Trailer', 'Bus', 'Motorbike', 'Bicycle', 'Heavy Equipment', 'Car Trailer', 'Tractor', 'Pedestrian'], value: []},}",1,Correct
https://reconai-traffic.s3.eu-central-1.amazonaws.com/images/C0150401_r0_w0_2020-02-27_07-56-22.jpg,"{'boundingBox': {labels: ['Car', 'Van', 'Truck', 'Trailer', 'Bus', 'Motorbike', 'Bicycle', 'Heavy Equipment', 'Car Trailer', 'Tractor', 'Pedestrian'], value: [{height:46,label:'Car',left:178,top:62,width:28}]},}",1,Correct
https://reconai-traffic.s3.eu-central-1.amazonaws.com/images/C0150401_r0_w0_2020-02-27_13-56-23.jpg,"{'boundingBox': {labels: ['Car', 'Van', 'Truck', 'Trailer', 'Bus', 'Motorbike', 'Bicycle', 'Heavy Equipment', 'Car Trailer', 'Tractor', 'Pedestrian'], value: []},}",-1,Incorrect
https://reconai-traffic.s3.eu-central-1.amazonaws.com/images/C0150401_r0_w0_2020-02-27_19-56-22.jpg,"{'boundingBox': {labels: ['Car', 'Van', 'Truck', 'Trailer', 'Bus', 'Motorbike', 'Bicycle', 'Heavy Equipment', 'Car Trailer', 'Tractor', 'Pedestrian'], value: [{height:49,label:'Car',left:176,top:65,width:51}]},}",-1,Incorrect
https://reconai-traffic.s3.eu-central-1.amazonaws.com/images/C0150401_r0_w0_2020-02-28_01-56-22.jpg,"{'boundingBox': {labels: ['Car', 'Van', 'Truck', 'Trailer', 'Bus', 'Motorbike', 'Bicycle', 'Heavy Equipment', 'Car Trailer', 'Tractor', 'Pedestrian'], value: []},}",3,Correct
https://reconai-traffic.s3.eu-central-1.amazonaws.com/images/C0150401_r0_w0_2020-02-28_07-56-23.jpg,"{'boundingBox': {labels: ['Car', 'Van', 'Truck', 'Trailer', 'Bus', 'Motorbike', 'Bicycle', 'Heavy Equipment', 'Car Trailer', 'Tractor', 'Pedestrian'], value: []},}",5,Correct
https://reconai-traffic.s3.eu-central-1.amazonaws.com/images/C0150401_r0_w0_2020-02-28_13-56-22.jpg,"{'boundingBox': {labels: ['Car', 'Van', 'Truck', 'Trailer', 'Bus', 'Motorbike', 'Bicycle', 'Heavy Equipment', 'Car Trailer', 'Tractor', 'Pedestrian'], value: [{height:7,label:'Car',left:49,top:17,width:11}]},}",1,Correct
https://reconai-traffic.s3.eu-central-1.amazonaws.com/images/C0150401_r0_w0_2020-02-28_19-56-23.jpg,"{'boundingBox': {labels: ['Car', 'Van', 'Truck', 'Trailer', 'Bus', 'Motorbike', 'Bicycle', 'Heavy Equipment', 'Car Trailer', 'Tractor', 'Pedestrian'], value: []},}",-1,Incorrect
https://reconai-traffic.s3.eu-central-1.amazonaws.com/images/C0150401_r0_w0_2020-02-29_01-56-23.jpg,"{'boundingBox': {labels: ['Car', 'Van', 'Truck', 'Trailer', 'Bus', 'Motorbike', 'Bicycle', 'Heavy Equipment', 'Car Trailer', 'Tractor', 'Pedestrian'], value: []},}",5,Correct
https://reconai-traffic.s3.eu-central-1.amazonaws.com/images/C0150401_r0_w0_2020-02-29_07-56-22.jpg,"{'boundingBox': {labels: ['Car', 'Van', 'Truck', 'Trailer', 'Bus', 'Motorbike', 'Bicycle', 'Heavy Equipment', 'Car Trailer', 'Tractor', 'Pedestrian'], value: [{height:49,label:'Car',left:276,top:134,width:60},{height:25,label:'Car',left:42,top:22,width:44}]},}",3,Correct
https://reconai-traffic.s3.eu-central-1.amazonaws.com/images/C0150401_r0_w0_2020-03-08_13-56-23.jpg,"{'boundingBox': {labels: ['Car', 'Van', 'Truck', 'Trailer', 'Bus', 'Motorbike', 'Bicycle', 'Heavy Equipment', 'Car Trailer', 'Tractor', 'Pedestrian'], value: []},}",-3,Incorrect
https://reconai-traffic.s3.eu-central-1.amazonaws.com/images/C0150401_r0_w0_2020-03-12_13-56-23.jpg,"{'boundingBox': {labels: ['Car', 'Van', 'Truck', 'Trailer', 'Bus', 'Motorbike', 'Bicycle', 'Heavy Equipment', 'Car Trailer', 'Tractor', 'Pedestrian'], value: []},}",1,Correct
https://reconai-traffic.s3.eu-central-1.amazonaws.com/images/C0150401_r0_w0_2020-03-13_13-56-23.jpg,"{'boundingBox': {labels: ['Car', 'Van', 'Truck', 'Trailer', 'Bus', 'Motorbike', 'Bicycle', 'Heavy Equipment', 'Car Trailer', 'Tractor', 'Pedestrian'], value: [{height:37,label:'Car',left:279,top:207,width:55},{height:10,label:'Car',left:57,top:88,width:13},{height:11,label:'Car',left:122,top:98,width:15},{height:6,label:'Car',left:48,top:67,width:9},{height:7,label:'Car',left:57,top:66,width:9},{height:8,label:'Car',left:68,top:70,width:9},{height:7,label:'Car',left:80,top:75,width:8},{height:8,label:'Car',left:87,top:77,width:11},{height:11,label:'Car',left:108,top:88,width:13},{height:13,label:'Van',left:98,top:80,width:15}]},}",3,Correct
https://reconai-traffic.s3.eu-central-1.amazonaws.com/images/C0150401_r0_w0_2020-03-13_19-56-22.jpg,"{'boundingBox': {labels: ['Car', 'Van', 'Truck', 'Trailer', 'Bus', 'Motorbike', 'Bicycle', 'Heavy Equipment', 'Car Trailer', 'Tractor', 'Pedestrian'], value: []},}",1,Correct
https://reconai-traffic.s3.eu-central-1.amazonaws.com/images/C0150401_r0_w0_2020-03-14_01-56-23.jpg,"{'boundingBox': {labels: ['Car', 'Van', 'Truck', 'Trailer', 'Bus', 'Motorbike', 'Bicycle', 'Heavy Equipment', 'Car Trailer', 'Tractor', 'Pedestrian'], value: []},}",1,Correct
https://reconai-traffic.s3.eu-central-1.amazonaws.com/images/C0150401_r0_w0_2020-03-14_13-56-23.jpg,"{'boundingBox': {labels: ['Car', 'Van', 'Truck', 'Trailer', 'Bus', 'Motorbike', 'Bicycle', 'Heavy Equipment', 'Car Trailer', 'Tractor', 'Pedestrian'], value: []},}",-1,Incorrect
https://reconai-traffic.s3.eu-central-1.amazonaws.com/images/C0150401_r0_w0_2020-03-14_19-56-23.jpg,"{'boundingBox': {labels: ['Car', 'Van', 'Truck', 'Trailer', 'Bus', 'Motorbike', 'Bicycle', 'Heavy Equipment', 'Car Trailer', 'Tractor', 'Pedestrian'], value: []},}",1,Correct
https://reconai-traffic.s3.eu-central-1.amazonaws.com/images/C0150401_r0_w0_2020-03-15_01-56-23.jpg,"{'boundingBox': {labels: ['Car', 'Van', 'Truck', 'Trailer', 'Bus', 'Motorbike', 'Bicycle', 'Heavy Equipment', 'Car Trailer', 'Tractor', 'Pedestrian'], value: []},}",1,Correct
https://reconai-traffic.s3.eu-central-1.amazonaws.com/images/C0150401_r0_w0_2020-03-15_07-56-23.jpg,"{'boundingBox': {labels: ['Car', 'Van', 'Truck', 'Trailer', 'Bus', 'Motorbike', 'Bicycle', 'Heavy Equipment', 'Car Trailer', 'Tractor', 'Pedestrian'], value: []},}",5,Correct
https://reconai-traffic.s3.eu-central-1.amazonaws.com/images/C0150401_r0_w0_2020-03-15_13-56-28.jpg,"{'boundingBox': {labels: ['Car', 'Van', 'Truck', 'Trailer', 'Bus', 'Motorbike', 'Bicycle', 'Heavy Equipment', 'Car Trailer', 'Tractor', 'Pedestrian'], value: []},}",1,Correct
https://reconai-traffic.s3.eu-central-1.amazonaws.com/images/C0150401_r0_w0_2020-03-16_13-56-23.jpg,"{'boundingBox': {labels: ['Car', 'Van', 'Truck', 'Trailer', 'Bus', 'Motorbike', 'Bicycle', 'Heavy Equipment', 'Car Trailer', 'Tractor', 'Pedestrian'], value: [{height:43,label:'Van',left:117,top:73,width:41},{height:56,label:'Car',left:219,top:148,width:54}]},}",3,Correct
https://reconai-traffic.s3.eu-central-1.amazonaws.com/images/C0150401_r0_w0_2020-03-16_19-56-23.jpg,"{'boundingBox': {labels: ['Car', 'Van', 'Truck', 'Trailer', 'Bus', 'Motorbike', 'Bicycle', 'Heavy Equipment', 'Car Trailer', 'Tractor', 'Pedestrian'], value: []},}",3,Correct
https://reconai-traffic.s3.eu-central-1.amazonaws.com/images/C0150401_r0_w0_2020-03-17_01-56-23.jpg,"{'boundingBox': {labels: ['Car', 'Van', 'Truck', 'Trailer', 'Bus', 'Motorbike', 'Bicycle', 'Heavy Equipment', 'Car Trailer', 'Tractor', 'Pedestrian'], value: [{height:69,label:'Truck',left:115,top:65,width:72}]},}",-3,Incorrect
https://reconai-traffic.s3.eu-central-1.amazonaws.com/images/C0150401_r0_w0_2020-03-17_07-56-22.jpg,"{'boundingBox': {labels: ['Car', 'Van', 'Truck', 'Trailer', 'Bus', 'Motorbike', 'Bicycle', 'Heavy Equipment', 'Car Trailer', 'Tractor', 'Pedestrian'], value: []},}",-3,Incorrect
https://reconai-traffic.s3.eu-central-1.amazonaws.com/images/C0150401_r0_w0_2020-03-19_13-56-23.jpg,"{'boundingBox': {labels: ['Car', 'Van', 'Truck', 'Trailer', 'Bus', 'Motorbike', 'Bicycle', 'Heavy Equipment', 'Car Trailer', 'Tractor', 'Pedestrian'], value: []},}",1,Correct
https://reconai-traffic.s3.eu-central-1.amazonaws.com/images/C0150401_r0_w0_2020-03-20_07-56-23.jpg,"{'boundingBox': {labels: ['Car', 'Van', 'Truck', 'Trailer', 'Bus', 'Motorbike', 'Bicycle', 'Heavy Equipment', 'Car Trailer', 'Tractor', 'Pedestrian'], value: []},}",5,Correct
https://reconai-traffic.s3.eu-central-1.amazonaws.com/images/C0150401_r0_w0_2020-03-20_19-56-24.jpg,"{'boundingBox': {labels: ['Car', 'Van', 'Truck', 'Trailer', 'Bus', 'Motorbike', 'Bicycle', 'Heavy Equipment', 'Car Trailer', 'Tractor', 'Pedestrian'], value: []},}",1,Correct
https://reconai-traffic.s3.eu-central-1.amazonaws.com/images/C0150401_r0_w0_2020-03-21_01-56-23.jpg,"{'boundingBox': {labels: ['Car', 'Van', 'Truck', 'Trailer', 'Bus', 'Motorbike', 'Bicycle', 'Heavy Equipment', 'Car Trailer', 'Tractor', 'Pedestrian'], value: []},}",-1,Incorrect
https://reconai-traffic.s3.eu-central-1.amazonaws.com/images/C0150401_r0_w0_2020-03-23_07-56-23.jpg,"{'boundingBox': {labels: ['Car', 'Van', 'Truck', 'Trailer', 'Bus', 'Motorbike', 'Bicycle', 'Heavy Equipment', 'Car Trailer', 'Tractor', 'Pedestrian'], value: []},}",5,Correct
https://reconai-traffic.s3.eu-central-1.amazonaws.com/images/C0150401_r0_w0_2020-03-23_13-56-24.jpg,"{'boundingBox': {labels: ['Car', 'Van', 'Truck', 'Trailer', 'Bus', 'Motorbike', 'Bicycle', 'Heavy Equipment', 'Car Trailer', 'Tractor', 'Pedestrian'], value: []},}",1,Correct
https://reconai-traffic.s3.eu-central-1.amazonaws.com/images/C0150401_r0_w0_2020-03-24_07-56-25.jpg,"{'boundingBox': {labels: ['Car', 'Van', 'Truck', 'Trailer', 'Bus', 'Motorbike', 'Bicycle', 'Heavy Equipment', 'Car Trailer', 'Tractor', 'Pedestrian'], value: []},}",1,Correct
https://reconai-traffic.s3.eu-central-1.amazonaws.com/images/C0150401_r0_w0_2020-03-24_13-56-23.jpg,"{'boundingBox': {labels: ['Car', 'Van', 'Truck', 'Trailer', 'Bus', 'Motorbike', 'Bicycle', 'Heavy Equipment', 'Car Trailer', 'Tractor', 'Pedestrian'], value: [{height:193,label:'Van',left:540,top:373,width:255}]},}",1,Correct
https://reconai-traffic.s3.eu-central-1.amazonaws.com/images/C0150401_r0_w0_2020-03-24_19-56-22.jpg,"{'boundingBox': {labels: ['Car', 'Van', 'Truck', 'Trailer', 'Bus', 'Motorbike', 'Bicycle', 'Heavy Equipment', 'Car Trailer', 'Tractor', 'Pedestrian'], value: []},}",3,Correct
https://reconai-traffic.s3.eu-central-1.amazonaws.com/images/C0150401_r0_w0_2020-03-25_01-56-27.jpg,"{'boundingBox': {labels: ['Car', 'Van', 'Truck', 'Trailer', 'Bus', 'Motorbike', 'Bicycle', 'Heavy Equipment', 'Car Trailer', 'Tractor', 'Pedestrian'], value: []},}",3,Correct
https://reconai-traffic.s3.eu-central-1.amazonaws.com/images/C0150401_r0_w0_2020-03-25_07-56-23.jpg,"{'boundingBox': {labels: ['Car', 'Van', 'Truck', 'Trailer', 'Bus', 'Motorbike', 'Bicycle', 'Heavy Equipment', 'Car Trailer', 'Tractor', 'Pedestrian'], value: [{height:104,label:'Car',left:610,top:468,width:176}]},}",3,Correct
https://reconai-traffic.s3.eu-central-1.amazonaws.com/images/C0150401_r0_w0_2020-03-25_13-56-23.jpg,"{'boundingBox': {labels: ['Car', 'Van', 'Truck', 'Trailer', 'Bus', 'Motorbike', 'Bicycle', 'Heavy Equipment', 'Car Trailer', 'Tractor', 'Pedestrian'], value: [{height:52,label:'Truck',left:70,top:90,width:39}]},}",5,Correct
https://reconai-traffic.s3.eu-central-1.amazonaws.com/images/C0150401_r0_w0_2020-03-25_19-56-23.jpg,"{'boundingBox': {labels: ['Car', 'Van', 'Truck', 'Trailer', 'Bus', 'Motorbike', 'Bicycle', 'Heavy Equipment', 'Car Trailer', 'Tractor', 'Pedestrian'], value: []},}",1,Correct
https://reconai-traffic.s3.eu-central-1.amazonaws.com/images/C0150401_r0_w0_2020-03-26_01-56-22.jpg,"{'boundingBox': {labels: ['Car', 'Van', 'Truck', 'Trailer', 'Bus', 'Motorbike', 'Bicycle', 'Heavy Equipment', 'Car Trailer', 'Tractor', 'Pedestrian'], value: []},}",-1,Incorrect
https://reconai-traffic.s3.eu-central-1.amazonaws.com/images/C0150401_r0_w0_2020-03-26_07-56-22.jpg,"{'boundingBox': {labels: ['Car', 'Van', 'Truck', 'Trailer', 'Bus', 'Motorbike', 'Bicycle', 'Heavy Equipment', 'Car Trailer', 'Tractor', 'Pedestrian'], value: [{height:58,label:'Car',left:186,top:125,width:52}]},}",1,Correct
https://reconai-traffic.s3.eu-central-1.amazonaws.com/images/C0150401_r0_w0_2020-03-26_13-56-23.jpg,"{'boundingBox': {labels: ['Car', 'Van', 'Truck', 'Trailer', 'Bus', 'Motorbike', 'Bicycle', 'Heavy Equipment', 'Car Trailer', 'Tractor', 'Pedestrian'], value: []},}",1,Correct
https://reconai-traffic.s3.eu-central-1.amazonaws.com/images/C0150401_r0_w0_2020-03-26_19-56-23.jpg,"{'boundingBox': {labels: ['Car', 'Van', 'Truck', 'Trailer', 'Bus', 'Motorbike', 'Bicycle', 'Heavy Equipment', 'Car Trailer', 'Tractor', 'Pedestrian'], value: []},}",1,Correct
https://reconai-traffic.s3.eu-central-1.amazonaws.com/images/C0150401_r0_w0_2020-03-27_01-56-22.jpg,"{'boundingBox': {labels: ['Car', 'Van', 'Truck', 'Trailer', 'Bus', 'Motorbike', 'Bicycle', 'Heavy Equipment', 'Car Trailer', 'Tractor', 'Pedestrian'], value: []},}",3,Correct
https://reconai-traffic.s3.eu-central-1.amazonaws.com/images/C0150401_r0_w0_2020-03-27_07-56-23.jpg,"{'boundingBox': {labels: ['Car', 'Van', 'Truck', 'Trailer', 'Bus', 'Motorbike', 'Bicycle', 'Heavy Equipment', 'Car Trailer', 'Tractor', 'Pedestrian'], value: []},}",-3,Incorrect
https://reconai-traffic.s3.eu-central-1.amazonaws.com/images/C0150401_r0_w0_2020-03-27_13-56-24.jpg,"{'boundingBox': {labels: ['Car', 'Van', 'Truck', 'Trailer', 'Bus', 'Motorbike', 'Bicycle', 'Heavy Equipment', 'Car Trailer', 'Tractor', 'Pedestrian'], value: []},}",-1,Incorrect
https://reconai-traffic.s3.eu-central-1.amazonaws.com/images/C0150401_r0_w0_2020-03-27_19-56-23.jpg,"{'boundingBox': {labels: ['Car', 'Van', 'Truck', 'Trailer', 'Bus', 'Motorbike', 'Bicycle', 'Heavy Equipment', 'Car Trailer', 'Tractor', 'Pedestrian'], value: []},}",3,Correct
https://reconai-traffic.s3.eu-central-1.amazonaws.com/images/C0150401_r0_w0_2020-03-28_01-56-23.jpg,"{'boundingBox': {labels: ['Car', 'Van', 'Truck', 'Trailer', 'Bus', 'Motorbike', 'Bicycle', 'Heavy Equipment', 'Car Trailer', 'Tractor', 'Pedestrian'], value: []},}",5,Correct
https://reconai-traffic.s3.eu-central-1.amazonaws.com/images/C0150401_r0_w0_2020-03-28_07-56-23.jpg,"{'boundingBox': {labels: ['Car', 'Van', 'Truck', 'Trailer', 'Bus', 'Motorbike', 'Bicycle', 'Heavy Equipment', 'Car Trailer', 'Tractor', 'Pedestrian'], value: []},}",1,Correct
https://reconai-traffic.s3.eu-central-1.amazonaws.com/images/C0150401_r0_w0_2020-03-28_13-56-22.jpg,"{'boundingBox': {labels: ['Car', 'Van', 'Truck', 'Trailer', 'Bus', 'Motorbike', 'Bicycle', 'Heavy Equipment', 'Car Trailer', 'Tractor', 'Pedestrian'], value: [{height:49,label:'Car',left:140,top:96,width:26}]},}",1,Correct
https://reconai-traffic.s3.eu-central-1.amazonaws.com/images/C0150401_r0_w0_2020-03-28_19-56-23.jpg,"{'boundingBox': {labels: ['Car', 'Van', 'Truck', 'Trailer', 'Bus', 'Motorbike', 'Bicycle', 'Heavy Equipment', 'Car Trailer', 'Tractor', 'Pedestrian'], value: []},}",5,Correct
https://reconai-traffic.s3.eu-central-1.amazonaws.com/images/C0150401_r0_w0_2020-03-29_01-56-23.jpg,"{'boundingBox': {labels: ['Car', 'Van', 'Truck', 'Trailer', 'Bus', 'Motorbike', 'Bicycle', 'Heavy Equipment', 'Car Trailer', 'Tractor', 'Pedestrian'], value: []},}",1,Correct
https://reconai-traffic.s3.eu-central-1.amazonaws.com/images/C0150401_r0_w0_2020-03-29_07-56-22.jpg,"{'boundingBox': {labels: ['Car', 'Van', 'Truck', 'Trailer', 'Bus', 'Motorbike', 'Bicycle', 'Heavy Equipment', 'Car Trailer', 'Tractor', 'Pedestrian'], value: [{height:135,label:'Van',left:174,top:242,width:100}]},}",3,Correct
https://reconai-traffic.s3.eu-central-1.amazonaws.com/images/C0150401_r0_w0_2020-03-29_19-56-25.jpg,"{'boundingBox': {labels: ['Car', 'Van', 'Truck', 'Trailer', 'Bus', 'Motorbike', 'Bicycle', 'Heavy Equipment', 'Car Trailer', 'Tractor', 'Pedestrian'], value: []},}",3,Correct
https://reconai-traffic.s3.eu-central-1.amazonaws.com/images/C0150401_r0_w0_2020-03-30_01-56-22.jpg,"{'boundingBox': {labels: ['Car', 'Van', 'Truck', 'Trailer', 'Bus', 'Motorbike', 'Bicycle', 'Heavy Equipment', 'Car Trailer', 'Tractor', 'Pedestrian'], value: []},}",-1,Incorrect
https://reconai-traffic.s3.eu-central-1.amazonaws.com/images/C0150401_r0_w0_2020-03-30_07-56-22.jpg,"{'boundingBox': {labels: ['Car', 'Van', 'Truck', 'Trailer', 'Bus', 'Motorbike', 'Bicycle', 'Heavy Equipment', 'Car Trailer', 'Tractor', 'Pedestrian'], value: []},}",3,Correct
https://reconai-traffic.s3.eu-central-1.amazonaws.com/images/C0150401_r0_w0_2020-03-30_13-56-23.jpg,"{'boundingBox': {labels: ['Car', 'Van', 'Truck', 'Trailer', 'Bus', 'Motorbike', 'Bicycle', 'Heavy Equipment', 'Car Trailer', 'Tractor', 'Pedestrian'], value: []},}",1,Correct
https://reconai-traffic.s3.eu-central-1.amazonaws.com/images/C0150401_r0_w0_2020-03-30_19-56-23.jpg,"{'boundingBox': {labels: ['Car', 'Van', 'Truck', 'Trailer', 'Bus', 'Motorbike', 'Bicycle', 'Heavy Equipment', 'Car Trailer', 'Tractor', 'Pedestrian'], value: []},}",5,Correct
https://reconai-traffic.s3.eu-central-1.amazonaws.com/images/C0150401_r0_w0_2020-03-31_01-56-22.jpg,"{'boundingBox': {labels: ['Car', 'Van', 'Truck', 'Trailer', 'Bus', 'Motorbike', 'Bicycle', 'Heavy Equipment', 'Car Trailer', 'Tractor', 'Pedestrian'], value: [{height:166,label:'Car',left:163,top:329,width:192}]},}",5,Correct
https://reconai-traffic.s3.eu-central-1.amazonaws.com/images/C0150401_r0_w0_2020-03-31_07-56-25.jpg,"{'boundingBox': {labels: ['Car', 'Van', 'Truck', 'Trailer', 'Bus', 'Motorbike', 'Bicycle', 'Heavy Equipment', 'Car Trailer', 'Tractor', 'Pedestrian'], value: [{height:104,label:'Trailer',left:232,top:123,width:99}]},}",1,Correct
https://reconai-traffic.s3.eu-central-1.amazonaws.com/images/C0150401_r0_w0_2020-04-01_07-56-22.jpg,"{'boundingBox': {labels: ['Car', 'Van', 'Truck', 'Trailer', 'Bus', 'Motorbike', 'Bicycle', 'Heavy Equipment', 'Car Trailer', 'Tractor', 'Pedestrian'], value: []},}",5,Correct
