<HTMLQuestion xmlns="http://mechanicalturk.amazonaws.com/AWSMechanicalTurkDataSchemas/2011-11-11/HTMLQuestion.xsd">
<HTMLContent><![CDATA[

<!DOCTYPE html>
<html>
	<head>
        <meta http-equiv='Content-Type' content='text/html; charset=UTF-8'>
		<script type='text/javascript' src="https://s3.amazonaws.com/mturk-public/externalHIT_v1.js"></script>
	</head>
	
	<body>
		<div style="display:none;">&nbsp;</div>
		<link href="https://ajax.googleapis.com/ajax/libs/jqueryui/1.10.3/themes/smoothness/jquery-ui.css" rel="stylesheet" />
		<script src="https://ajax.googleapis.com/ajax/libs/jquery/1.9.1/jquery.min.js"></script>
		<script src="https://ajax.googleapis.com/ajax/libs/jqueryui/1.10.3/jquery-ui.js"></script>
		
		<form name="mturk_form" method="post" action="https://www.mturk.com/mturk/externalSubmit" id="mturk_form">
			<input type="hidden" value="" name="assignmentId" id="assignmentId">
			<input type="hidden" name="img_x" id="img_x">
			<input type="hidden" name="img_y" id="img_y">
            <input type="hidden" name="rail_left_1_x" id="rail_left_1_x">
            <input type="hidden" name="rail_left_1_y" id="rail_left_1_y">
            <input type="hidden" name="rail_left_2_x" id="rail_left_2_x">
            <input type="hidden" name="rail_left_2_y" id="rail_left_2_y">
            <input type="hidden" name="rail_right_1_x" id="rail_right_1_x">
            <input type="hidden" name="rail_right_1_y" id="rail_right_1_y">
            <input type="hidden" name="rail_right_2_x" id="rail_right_2_x">
            <input type="hidden" name="rail_right_2_y" id="rail_right_2_y">
			
            <p style="font: caption; font-size: large;"><b>1</b> Click in between the railway tracks in the <b>lower middle half</b> of the picture. This will create a high-resolution crop:</p>
			<img id="img">
            <p style="font: caption; font-size: large;"><b>2</b> Now use your mouse to draw two straight <font color="blue"><b>blue</b></font> lines on the tracks.</p>
			<div id="div_1_outer">
				<div id="div_1">
					<img id="img_1">
				</div>
			</div>
            <div id="div_canvas">
                <canvas id="canvas"></canvas>
            </div>
            <p style="font: caption; font-size: large;"><b>3</b> The <font color="green"><b>example</b></font> shows you how the result should look like. Please use an image crop from the lower parts of the picture - the horizon should <font color="red"><b>not</b></font> be visible in your crop. Also, please do make sure both railway tracks are clearly visible.</p>
			<img id="img_example">
            <img id="img_wrong">
            <img id="img_wrong_2">
			<p style="font: caption; font-size: large;"><b>4</b> Cou can click once again on the crop to make the <font color="blue"><b>blue</b></font> lines disappear. You can then draw new ones if you need to.</p>
			<p><input id="submitButton"></p>
        </form>
		
		<script>
			// constants
            var URL = "https://images2.imgbox.com/1b/cc/KkyfNivJ_o.png";
            var URL_EXAMPLE = "https://images2.imgbox.com/ff/84/oXg9k8qp_o.png";
            var URL_WRONG = "https://images2.imgbox.com/60/ea/bjGVbu3y_o.png";
            var URL_WRONG_2 = "https://images2.imgbox.com/24/78/uG2ssrxj_o.png";
			var IMG_WIDTH = 3840;
			var IMG_HEIGHT = 2160;
			var IMG_ORIG_SCALE = .1;
			var SCALING_FACTOR = .5;
			var BOX_SIZE = 300;
            var LINE_WIDTH = 4;
			var SUBMIT_BUTTON_FONT_SIZE = 30;
            
			
			// functions
			function init() {
				// img
				img.src = URL;
				img.width = IMG_WIDTH * IMG_ORIG_SCALE;
				img.height = IMG_HEIGHT * IMG_ORIG_SCALE;
				
				// img_1
				img_1.src = URL;
				img_1.width = IMG_WIDTH * SCALING_FACTOR;
				img_1.height = IMG_HEIGHT * SCALING_FACTOR;
				div_1_outer.style["width"] = BOX_SIZE + "px";
				div_1_outer.style["height"] = BOX_SIZE + "px";
                div_1_outer.style["position"] = "relative";
				div_1_outer.style["overflow"] = "hidden";
				div_1.style["width"] = IMG_HEIGHT * SCALING_FACTOR + "px";
				div_1.style["height"] = IMG_HEIGHT * SCALING_FACTOR + "px";
                div_1.style["margin-left"] = BOX_SIZE + "px";
                div_1.style["margin-top"] = BOX_SIZE + "px";
                
                // example
				img_example.src = URL_EXAMPLE;
				img_example.width = BOX_SIZE;
				img_example.height = BOX_SIZE;
                
                // wrong
                img_wrong.src = URL_WRONG;
                img_wrong.width = BOX_SIZE;
                img_wrong.height = BOX_SIZE;
                
                // wrong_2
                img_wrong_2.src = URL_WRONG_2;
                img_wrong_2.width = BOX_SIZE;
                img_wrong_2.height = BOX_SIZE;
				
				// canvas
                div_canvas.style["width"] = BOX_SIZE + "px";
                div_canvas.style["height"] = BOX_SIZE + "px";
                div_canvas.style["position"] = "relative";
                div_canvas.style["overflow"] = "hidden";
                div_canvas.style["margin-top"] =  - BOX_SIZE + "px";
                canvas.width = BOX_SIZE;
                canvas.height = BOX_SIZE;
                
                ctx = canvas.getContext("2d");
				ctx.fillStyle = "rgba(0, 0, 0, 1)";
                ctx.lineWidth = LINE_WIDTH;
				
				// submit button
				submitButton.type = "submit";
				submitButton.value = "Submit the work";
				submitButton.style["font-size"] = SUBMIT_BUTTON_FONT_SIZE + "px";
				
                // initial values
                img_x.value = 0;
                img_y.value = 0;
				submitButton.disabled = true;
			}
        
            function clear_canvas() {
                canvas.getContext("2d").clearRect(0, 0, BOX_SIZE, BOX_SIZE);
            }
        
            function reset_sub_coordinates() {
                rail_left_1_x.value = "";
                rail_left_1_y.value = "";
                rail_left_2_x.value = "";
                rail_left_2_y.value = "";
                rail_right_1_x.value = "";
                rail_right_1_y.value = "";
                rail_right_2_x.value = "";
                rail_right_2_y.value = "";
                clear_canvas();
                submitButton.disabled = true;
            }
        
			function get_image_coordinates(e) {
				if (e.target.id != "img") return;
				img_x.value = (e.clientX - img.getBoundingClientRect().left) / img.width * IMG_WIDTH;
				img_y.value = (e.clientY - img.getBoundingClientRect().top) / img.height * IMG_HEIGHT;
				
				div_1.style["margin-left"] = BOX_SIZE / 2 - img_x.value / IMG_WIDTH * img_1.width + "px";
				div_1.style["margin-top"] =  BOX_SIZE / 2 - img_y.value / IMG_HEIGHT * img_1.height + "px";
                
                reset_sub_coordinates();
                clear_canvas();
			}
		
            function pick_target() {
                tar_x = rail_left_1_x;
                tar_y = rail_left_1_y;
                if (tar_x.value == "") return [tar_x, tar_y];
                
                tar_x = rail_left_2_x;
                tar_y = rail_left_2_y;
                if (tar_x.value == "") return [tar_x, tar_y];
                
                tar_x = rail_right_1_x;
                tar_y = rail_right_1_y;
                if (tar_x.value == "") return [tar_x, tar_y];
                
                tar_x = rail_right_2_x;
                tar_y = rail_right_2_y;
                if (tar_x.value == "") return [tar_x, tar_y];
                
                return [tar_x.value, tar_y.value];
            }

            function pick_target_current() {
                if (rail_left_1_x.value != "" && rail_left_2_x.value == "") return [rail_left_1_x.value, rail_left_1_y.value];
                if (rail_right_1_x.value != "" && rail_right_2_x.value == "") return [rail_right_1_x.value, rail_right_1_y.value];
                
                return [-1, -1];
            }

            function draw_ready_lines() {
                ctx = canvas.getContext("2d");
                ctx.strokeStyle = "#0040FF";
                
                if (rail_left_1_x.value != "" && rail_left_2_x.value != "") {
                    ctx.beginPath();
                    ctx.moveTo(rail_left_1_x.value,rail_left_1_y.value);
                    ctx.lineTo(rail_left_2_x.value,rail_left_2_y.value);
                    ctx.stroke();
                }
                
                if (rail_right_1_x.value != "" && rail_right_2_x.value != "") {
                    ctx.beginPath();
                    ctx.moveTo(rail_right_1_x.value,rail_right_1_y.value);
                    ctx.lineTo(rail_right_2_x.value,rail_right_2_y.value);
                    ctx.stroke();
                }
            }

			function get_image_coordinates_sub(e) {
				if (e.target.id != "canvas") return;
                var p_x = e.clientX - canvas.getBoundingClientRect().left;
                var p_y = e.clientY - canvas.getBoundingClientRect().top;
                
                [tar_x, tar_y] = pick_target();
                if (tar_x.value != "") {
                    reset_sub_coordinates();
                    return;
                }
                
				tar_x.value = p_x;
				tar_y.value = p_y;
                
                clear_canvas();
                draw_ready_lines();
                if (tar_x == rail_right_2_x) submitButton.disabled = false;
			}
        
            function draw_line(e) {
                var p_x = e.clientX - canvas.getBoundingClientRect().left;
                var p_y = e.clientY - canvas.getBoundingClientRect().top;
                
                clear_canvas();
                draw_ready_lines();
                
                [p_x_2, p_y_2] = pick_target_current();
                if (p_x_2 == -1) return;
                ctx = canvas.getContext("2d");
                ctx.strokeStyle = "#ff0000";
                ctx.beginPath();
                ctx.moveTo(p_x, p_y);
                ctx.lineTo(p_x_2, p_y_2);
                ctx.stroke();
            }
			
			// main
			init();
			document.addEventListener("click", get_image_coordinates, false);
			document.addEventListener("click", get_image_coordinates_sub, false);
			canvas.addEventListener("mousemove", draw_line, false);

		</script>
		<script language="Javascript">turkSetAssignmentID();</script>
		
	</body>
</html>

]]>

</HTMLContent>

<FrameHeight>800</FrameHeight>

</HTMLQuestion>
