<?xml version="1.0" encoding="UTF-8"?>
<Workspace
   version = "1.0">
   <FileRef
      location = "group:lib.py">
   </FileRef>
   <FileRef
      location = "group:create_tasks.py">
   </FileRef>
   <FileRef
      location = "group:get_result.py">
   </FileRef>
   <FileRef
      location = "group:get_hits.py">
   </FileRef>
   <FileRef
      location = "group:login_keys.txt">
   </FileRef>
   <FileRef
      location = "group:hits.txt">
   </FileRef>
   <FileRef
      location = "group:urls.txt">
   </FileRef>
   <FileRef
      location = "group:gallery.txt">
   </FileRef>
   <FileRef
      location = "group:results.txt">
   </FileRef>
   <FileRef
      location = "group:evaluate_assignments.py">
   </FileRef>
   <FileRef
      location = "group:questions_template.xml">
   </FileRef>
</Workspace>
