Code,Width,Height,isAPINotFunc,isWhiteNoise,RoadType,ImageType,CarsVisible,isLPVisible,Note
C0150200,720,576,0,0,3,1,1,,
C0150201,,,1,0,,,,,
C0150202,,,1,0,,,,,
C0150204,,,1,0,,,,,
C0150209,,,1,0,,,,,
C0150301,704,576,0,0,0,0,1,,
C0150302,704,576,0,0,0,0,1,,
C0150309,704,576,0,0,2,0,0,,
C0150401,1280,720,0,0,0,1,1,,
C0150402,1280,720,0,0,0,1,0,,
C0150409,1280,720,0,0,2,1,0,,
C0150501,704,576,0,0,0,0,1,,
C0150701,704,576,0,0,0,0,1,,
C0150801,1280,720,0,0,3,1,2,,
C0150802,1280,720,0,0,3,1,2,,
C0150803,1280,720,0,0,3,1,1,,
C0150804,1280,720,0,0,3,1,1,,
C0150809,1280,720,0,0,2,1,0,,
C0150901,1280,720,0,0,3,1,2,,
C0150902,1280,720,0,0,3,1,2,,
C0150903,1280,720,0,0,3,1,2,,
C0150904,1280,720,0,0,3,1,2,,
C0150909,1280,720,0,0,2,1,0,,
C0151001,1280,720,0,0,0,1,1,,
C0151002,1280,720,0,0,0,1,1,,
C0151009,1280,720,0,0,2,1,0,,
C0151101,704,576,0,0,3,0,2,,
C0151102,704,576,0,0,3,0,2,,
C0151104,704,576,0,0,3,0,2,,
C0151109,704,576,0,0,2,0,1,,
C0151301,1280,720,0,0,3,1,2,,
C0151302,1280,720,0,0,3,1,2,,
C0151303,1280,720,0,0,3,1,2,,
C0151309,1280,720,0,0,3,1,1,,
C0152101,1280,720,0,0,3,1,1,,
C0152102,1280,720,0,0,3,1,2,,
C0152109,1280,720,0,0,2,1,1,,
C0152201,704,576,0,0,1,0,2,,
C0152202,704,576,0,0,1,0,2,,
C0152209,704,576,0,0,2,0,1,,
C0152301,1280,720,0,0,3,1,2,,
C0152302,1280,720,0,0,3,1,2,,
C0152309,1280,720,0,0,2,1,1,,
C0152401,1280,720,0,0,3,1,2,,
C0152402,1280,720,0,0,3,1,2,,
C0152403,1280,720,0,0,0,1,1,,
C0152404,1280,720,0,0,0,1,1,,
C0152409,1280,720,0,0,2,1,0,,
C0152600,704,576,0,0,,0,,,Sky view
C0152700,704,576,0,0,3,0,2,,
C0152801,704,576,0,0,3,0,2,,
C0152900,704,576,0,0,3,0,2,,
C0153000,704,576,0,0,3,0,2,,
C0153100,704,576,0,0,3,0,1,,
C0153201,704,576,0,0,3,0,1,,
C0153202,704,576,0,0,3,0,1,,
C0153209,704,576,0,0,2,0,1,,
C0153300,704,576,0,0,3,0,2,,
C0153501,704,576,0,0,3,0,2,,
C0153502,704,576,0,0,3,0,2,,
C0153503,704,576,0,0,3,0,2,,
C0153504,704,576,0,0,3,0,2,,
C0153509,704,576,0,0,2,0,0,,
C0153601,1280,720,0,0,0,1,0,,
C0153602,1280,720,0,0,0,1,0,,
C0153609,1280,720,0,0,2,1,0,,
C0153801,704,576,0,0,3,0,1,,
C0153802,704,576,0,0,0,0,1,,
C0153803,704,576,0,0,0,0,0,,
C0153809,704,576,0,0,2,0,0,,
C0153900,704,576,0,0,3,0,0,,
C0155500,704,576,0,0,3,0,2,,
C0156800,704,576,0,0,3,0,2,,
C0156900,704,576,0,0,3,0,2,,
C0157000,704,576,0,1,3,0,2,,
C0157100,704,576,0,0,3,0,2,,
C0157200,704,576,0,0,3,0,2,,
C0157300,704,576,0,0,3,0,2,,
C0157400,704,576,0,0,3,0,2,,
C0158101,704,576,0,0,3,0,2,,
C0158200,704,576,0,0,3,0,2,,
C0158301,1280,720,0,0,3,1,2,,
C0158302,1280,720,0,0,3,1,2,,
C0158309,1280,720,0,0,2,1,1,,
C0158401,704,576,0,0,3,0,2,,
C0158402,704,576,0,0,3,0,0,,
C0158403,704,576,0,0,3,0,2,,
C0158404,704,576,0,0,3,0,1,,
C0158409,704,576,0,0,2,0,0,,
C0158700,1280,720,0,0,3,1,2,,
C0159000,1280,720,0,0,3,1,2,,
C0160000,704,576,0,0,3,0,2,,
C0160100,704,576,0,0,3,0,2,,
C0160200,704,576,0,0,3,0,2,,
C0160300,704,576,0,0,1,0,1,,
C0161600,704,576,0,0,3,0,2,,
C0161700,704,576,0,0,3,0,2,,
C0161800,704,576,0,0,3,0,2,,
C0161900,704,576,0,0,3,0,2,,
C0162000,704,576,0,0,3,0,2,,
C0162100,704,576,0,0,3,0,2,,
C0162201,704,576,0,0,0,0,1,,
C0162202,704,576,0,0,0,0,2,,
C0162209,704,576,0,0,2,0,1,,
C0162300,704,576,0,0,3,0,2,,
C0162401,1280,720,0,0,0,1,0,,
C0162402,1280,720,0,0,0,1,1,,
C0162409,1280,720,0,0,2,1,0,,
C0162501,704,576,0,0,3,0,1,,
C0162502,704,576,0,0,3,0,1,,
C0162509,704,576,0,0,2,0,0,,
C0162601,704,576,0,0,0,0,0,,
C0162602,704,576,0,0,0,0,0,,
C0162604,704,576,0,0,0,0,0,,
C0162609,704,576,0,0,2,0,0,,
C0162701,1280,720,0,0,0,1,0,,
C0162702,1280,720,0,0,0,1,1,,
C0162709,1280,720,0,0,2,1,0,,
C0162801,720,576,0,0,3,0,1,,
C0162802,,,1,0,,,,,
C0162900,720,576,,,3,0,1,,Different images in different time periods
C0163000,720,576,,,3,0,1,,Different images in different time periods
C0163100,720,576,,,3,0,1,,Different images in different time periods
C0163201,,,1,0,,,,,
C0163202,720,576,,,3,0,1,,
C0163209,,,1,0,,,,,
C0163301,720,576,,,3,0,0,,
C0163400,720,576,,,3,0,0,,
C0163500,720,576,,,3,0,1,,
C0163600,720,576,,,3,0,1,,
C0164500,720,576,,,0,0,1,,
C0164600,720,576,,,3,0,1,,
C0164700,720,576,,,3,0,2,,
C0164900,720,576,,,3,0,1,,Different images in different time periods
C0165100,720,576,,,3,0,1,,Analog Distortion
C0165200,720,576,,,3,0,2,,
C0165300,720,576,,,3,0,2,,
C0165400,720,576,,,3,0,2,,
C0165500,720,576,,,3,0,2,,
C0165600,720,576,,,3,0,2,,
C0165700,720,576,,,3,0,2,,Different images in different time periods
C0166000,1280,720,,,3,1,2,,
C0166100,1280,720,,,3,1,2,,
C0166400,1280,720,,,3,1,2,,
C0166500,1280,720,,,3,1,2,,
C0166700,1280,720,,,3,1,2,,
C0166800,1280,720,,,3,1,2,,
C0167000,1280,720,,,3,1,2,,
C0167100,1280,720,,,3,1,2,,
C0167200,1280,720,,,3,1,2,,
C0167301,1280,720,,,0,1,1,,
C0167302,1280,720,,,0,1,1,,
C0167309,1280,720,,,2,1,0,,
C0167400,1280,720,,,3,1,2,,
C0167500,1280,720,,,3,1,2,,
C0167600,1280,720,,,3,1,2,,
C0167701,1280,720,,,3,1,2,,
C0167702,1280,720,,,3,1,2,,
C0167709,1280,720,,,2,1,1,1,
C0167800,720,576,,,3,0,2,,
C0167900,720,576,,,3,0,2,,
C0168000,1280,720,,,3,1,2,,
C0170301,1280,720,,,3,1,2,,
C0170302,1280,720,,,3,1,2,,
C0170309,1280,720,,,2,1,0,,
C0170311,1280,720,,,3,1,2,,
C0170312,1280,720,,,3,1,2,,
C0250201,704,576,,,0,0,1,,
C0250402,704,576,,,0,0,1,,
C0250509,704,576,,,0,0,1,,
C0250601,704,576,,,0,0,1,,
C0250701,704,576,,,2,0,0,,
C0250702,1280,720,,,0,0,1,,
C0250709,1280,720,,,2,1,0,,
C0250801,1280,720,,,0,1,1,,
C0250802,1280,720,,,0,1,1,,
C0250809,1280,720,,,2,1,0,,
C0250901,704,576,,,0,0,2,,
C0251101,1280,720,,,0,1,1,,
C0251102,1280,720,,,0,1,1,,
C0251109,1280,720,,,2,1,1,,
C0251201,1280,720,,,0,1,1,,
C0251202,1280,720,,,0,1,0,,
C0251209,1280,720,,,2,1,0,,
C0251309,704,576,,,0,0,1,,
C0251401,704,576,,,0,0,1,,
C0251501,1280,720,,,0,1,1,,
C0251502,1280,720,,,0,1,1,,
C0251503,1280,720,,,0,1,0,,
C0251504,1280,720,,,2,1,0,,
C0251509,1280,720,,,2,1,0,,
C0251601,1280,720,,,0,1,1,,
C0251602,1280,720,,,0,1,1,,
C0251604,1280,720,,,0,1,1,,
C0251609,1280,720,,,0,1,1,,
C0251701,1280,720,,,0,1,1,,
C0251702,1280,720,,,0,1,1,,
C0251709,1280,720,,,2,1,0,,
C0251802,704,576,,,0,0,1,,
C0251902,704,576,,,0,0,1,,
C0252001,1280,720,,,3,1,2,,
C0252002,1280,720,,,3,1,2,,
C0252003,1280,720,,,3,1,2,,
C0252004,1280,720,,,3,1,2,,
C0252008,1280,720,,,2,1,0,,
C0252009,1280,720,,,2,1,0,,
C0252101,1280,720,,,3,1,2,,
C0252102,1280,720,,,3,1,2,,
C0252103,1280,720,,,3,1,2,,
C0252104,1280,720,,,3,1,2,,
C0252109,1280,720,,,2,1,1,,
C0252201,1280,720,,,0,1,2,,
C0252202,1280,720,,,0,1,2,,
C0252203,1280,720,,,3,1,2,,
C0252204,1280,720,,,3,1,2,,
C0252209,1280,720,,,2,1,1,,
C0252301,704,576,,,3,0,1,,
C0252302,704,576,,,3,0,1,,
C0252303,704,576,,,0,0,1,,
C0252304,704,576,,,3,0,1,,
C0252309,704,576,,,2,0,0,,
C0252401,704,576,,,0,0,1,,
C0252402,704,576,,,0,0,1,,
C0252409,704,576,,,2,0,1,,
C0252501,1280,720,,,0,1,1,,
C0252502,1280,720,,,0,1,1,,
C0252503,1280,720,,,0,1,1,,
C0252504,1280,720,,,0,1,1,,
C0252509,1280,720,,,2,1,1,,
C0252601,1280,720,,,0,1,0,,
C0252602,1280,720,,,0,1,1,,
C0252609,1280,720,,,2,1,0,,
C0252701,704,576,,,,,,,Forest
C0252702,704,576,,,0,0,1,,
C0252709,704,576,,,2,0,0,,
C0252801,704,576,,,0,0,0,,
C0252802,704,576,,,0,0,0,,
C0252809,704,576,,,2,0,0,,
C0252900,1280,720,,,3,1,1,,
C0253000,1280,720,,,3,1,2,,
C0253100,1280,720,,,3,1,2,,
C0253200,1280,720,,,3,1,2,,
C0253300,1280,720,,,3,1,1,,
C0253401,1280,720,,,3,1,1,,
C0253500,1280,720,,,3,1,1,,
C0253600,1280,720,,,3,1,2,,
C0253700,1280,720,,,3,1,1,,
C0253800,1280,720,,,3,1,1,,
C0253900,1280,720,,,3,1,1,,
C0254501,704,576,,,0,0,1,,
C0254502,704,576,,,0,0,1,,
C0254509,704,576,,,2,0,0,,
C0254601,1280,720,,,0,1,1,,
C0254602,1280,720,,,0,1,1,,
C0254609,1280,720,,,2,1,0,,
C0255000,704,576,,,0,0,1,,Bridge pillar
C0255001,704,576,,,0,0,1,,
C0255002,704,576,,,0,0,1,,
C0255101,704,576,,,0,0,1,,
C0255102,704,576,,,0,0,1,,
C0255109,704,576,,,2,0,0,,
C0256301,1280,720,,,0,1,1,,
C0256302,1280,720,,,0,1,1,,
C0256309,1280,720,,,2,0,0,,
C0256400,1280,720,,,3,1,1,,
C0256500,1280,720,,,3,1,1,,
C0256901,1280,720,,,0,1,1,,
C0256902,1280,720,,,0,1,1,,
C0256909,1280,720,,,2,1,0,,
C0350202,704,576,,,0,0,1,,
C0350401,1280,720,,,0,1,1,,
C0350402,1280,720,,,0,1,1,,
C0350409,1280,720,,,2,1,0,,
C0350501,1280,720,,,0,1,1,,
C0350502,1280,720,,,0,1,1,,
C0350504,1280,720,,,0,1,0,,
C0350509,1280,720,,,2,1,0,,
C0350601,1280,720,,,0,1,1,,
C0350602,1280,720,,,3,1,1,,
C0350603,1280,720,,,3,1,1,,
C0350604,1280,720,,,3,1,1,,
C0350609,1280,720,,,2,1,1,,
C0350701,1280,720,,,0,1,1,,
C0350702,1280,720,,,0,1,1,,
C0350703,1280,720,,,0,1,1,,
C0350709,1280,720,,,2,1,0,,
C0350802,,,1,,,,,,
C0351002,704,576,,,3,0,2,,
C0351201,704,576,,,3,0,2,,
C0351202,704,576,,,3,0,2,,
C0351500,704,576,,,3,0,1,,
C0351600,704,576,,,3,0,1,,
C0351700,704,576,,,3,0,1,,
C0351800,704,576,,,,0,,,Castle view
C0351901,1280,720,,,0,1,1,,
C0351902,1280,720,,,0,1,1,,
C0351903,1280,720,,,0,1,1,,
C0351904,1280,720,,,0,1,1,,
C0351909,1280,720,,,2,1,0,,
C0352201,1280,720,,,0,1,1,,
C0352202,1280,720,,,0,1,1,,
C0352204,1280,720,,,0,1,1,,
C0352209,1280,720,,,2,1,1,,
C0352301,1280,720,,,0,1,1,,
C0352302,1280,720,,,0,1,1,,
C0352309,1280,720,,,2,1,0,,
C0352401,704,576,,,3,0,1,,
C0352402,704,576,,,3,0,1,,
C0352408,704,576,,,,0,,,Lake View
C0352409,704,576,,,2,0,0,,
C0352502,1280,720,,,0,1,1,,
C0352509,1280,720,,,2,1,0,,
C0352701,1280,720,,,0,1,1,,
C0352702,1280,720,,,0,1,1,,
C0352709,1280,720,,,2,1,0,,
C0352801,704,576,,,0,0,1,,
C0352901,704,576,,,0,0,1,,
C0352902,704,576,,,3,0,1,,
C0352909,704,576,,,2,0,0,,
C0353000,1280,720,,,3,1,1,,
C0353101,1280,720,,,3,1,1,,
C0353102,1280,720,,,3,1,1,,
C0353103,1280,720,,,0,1,1,,
C0353104,1280,720,,,0,1,0,,
C0353109,1280,720,,,2,1,0,,
C0353201,704,576,,,0,0,1,,
C0353202,704,576,,,0,0,1,,
C0353209,704,576,,,2,0,0,,
C0353301,1280,720,,,0,1,0,,
C0353302,1280,720,,,0,1,0,,
C0353309,1280,720,,,2,1,0,,
C0353401,704,576,,,0,0,0,,
C0353402,704,576,,,0,0,0,,
C0353409,704,576,,,2,0,0,,
C0353601,704,576,,,0,0,0,,
C0353602,704,576,,,0,0,1,,
C0353701,704,576,,,0,0,0,,
C0353702,704,576,,,0,0,0,,
C0353801,704,576,,,0,0,1,,
C0353802,704,576,,,0,0,1,,
C0353809,704,576,,,2,0,0,,
C0353901,704,576,,,0,0,1,,
C0353902,704,576,,,0,0,1,,
C0353909,704,576,,,2,0,0,,
C0354001,1280,720,,,3,1,1,,
C0354002,1280,720,,,3,1,1,,
C0354009,1280,720,,,2,1,0,,
C0354100,704,576,,,3,0,1,,
C0354202,704,576,,,,0,,,Lamps and forest
C0354301,1280,720,,,0,1,1,,
C0354302,1280,720,,,0,1,1,,
C0354309,1280,720,,,2,1,0,,
C0354401,704,576,,,0,0,1,,
C0354402,704,576,,,0,0,1,,
C0354409,704,576,,,2,0,1,,
C0354500,704,576,,,3,0,1,,
C0354600,704,576,,,0,0,1,,
C0354700,704,576,,,0,0,1,,
C0354801,704,576,,,0,0,1,,
C0354802,704,576,,,0,0,1,,
C0354809,704,576,,,2,0,1,,
C0355003,704,576,,,0,0,1,,
C0355104,704,576,,,3,0,1,,
C0355201,1280,720,,,0,1,0,,
C0355202,1280,720,,,0,1,1,,
C0355209,1280,720,,,2,1,0,,
C0355301,704,576,,,0,0,1,,
C0355302,704,576,,,0,0,1,,
C0355309,704,576,,,2,0,0,,
C0355401,704,576,,,0,0,1,,
C0355402,704,576,,,0,0,1,,
C0355501,704,576,,,0,0,0,,
C0355502,704,576,,,0,0,1,,
C0355601,704,576,,,0,0,1,,
C0355602,704,576,,,0,0,0,,
C0355701,704,576,,,0,0,1,,
C0355702,704,576,,,0,0,1,,
C0355709,704,576,,,2,0,0,,
C0355801,1280,720,,,3,1,1,,
C0355802,1280,720,,,3,1,1,,
C0355809,1280,720,,,2,1,0,,
C0355901,1280,720,,,0,1,1,,
C0355902,1280,720,,,0,1,1,,
C0355909,1280,720,,,2,1,1,,
C0356001,704,576,,,0,0,1,,
C0356002,704,576,,,0,0,1,,
C0356009,704,576,,,2,0,0,,
C0356101,704,576,,,0,0,1,,
C0356102,704,576,,,0,1,1,,
C0356105,704,576,,,,,,,Lake View
C0356109,704,576,,,2,1,0,,
C0356201,1280,720,,,3,1,1,,
C0356202,1280,720,,,3,1,1,,
C0356203,1280,720,,,0,1,1,,
C0356204,1280,720,,,0,1,1,,
C0356209,1280,720,,,2,1,0,,
C0356301,704,576,,,0,0,1,,
C0356302,704,576,,,0,0,0,,
C0356309,704,576,,,2,0,0,,
C0356401,1280,720,,,0,1,1,,
C0356402,1280,720,,,0,1,0,,
C0356409,1280,720,,,2,1,0,,
C0356501,704,576,,,0,0,1,,
C0356502,704,576,,,0,0,1,,
C0356509,704,576,,,2,0,0,,
C0356601,704,576,,,3,0,1,,
C0356602,704,576,,,3,0,1,,
C0356609,704,576,,,2,0,0,,
C0356701,1280,720,,,0,1,1,,
C0356702,1280,720,,,0,1,1,,
C0356709,1280,720,,,2,1,0,,
C0356801,704,576,,,3,0,1,,
C0356802,704,576,,,3,0,1,,
C0356809,704,576,,,2,0,0,,
C0357001,704,576,,,0,0,1,,
C0357002,704,576,,,0,0,1,,
C0357009,704,576,,,2,0,0,,
C0357101,704,576,,,3,0,1,,
C0357102,704,576,,,3,0,1,,
C0357109,704,576,,,2,0,0,,
C0357201,704,576,,,3,0,1,,
C0357202,704,576,,,3,0,1,,
C0357209,704,576,,,2,0,0,,
C0357301,1280,720,,,3,1,1,,
C0357302,1280,720,,,3,1,1,,
C0357309,1280,720,,,2,1,1,,
C0357401,1280,720,,,3,1,1,,
C0357402,1280,720,,,3,1,1,,
C0357501,1280,720,,,3,1,1,,
C0357502,1280,720,,,3,1,1,,
C0357509,1280,720,,,2,1,0,,
C0357601,1280,720,,,0,1,1,,
C0357602,1280,720,,,0,1,1,,
C0357609,1280,720,,,2,1,0,,
C0357701,704,576,,,3,0,1,,
C0357702,704,576,,,3,0,1,,
C0357801,1280,720,,,3,1,1,,
C0357802,1280,720,,,0,1,1,,
C0357809,1280,720,,,2,1,0,,
C0357901,1280,720,,,3,1,1,,
C0357902,1280,720,,,3,1,1,,
C0357909,1280,720,,,2,1,0,,
C0358001,1280,720,,,0,1,0,,
C0358002,1280,720,,,0,1,1,,
C0358009,1280,720,,,2,1,0,,
C0358101,1280,720,,,0,1,1,,
C0358102,1280,720,,,0,1,1,,
C0358109,1280,720,,,2,1,0,,
C0358401,704,576,,,0,0,1,,
C0358501,704,576,,,3,0,1,,
C0358601,704,576,,,3,0,1,,
C0358701,704,576,,,0,0,1,,
C0358802,704,576,,,0,0,1,,
C0358901,704,576,,,0,0,1,,
C0359001,704,576,,,0,0,1,,
C0359101,704,576,,,3,0,1,,
C0359201,704,576,,,3,0,1,,
C0359301,704,576,,,3,0,1,,
C0359401,704,576,,,3,0,1,,
C0359501,704,576,,,3,0,1,,
C0359601,704,576,,,3,0,1,,
C0359701,704,576,,,3,0,1,,
C0359800,704,576,,,3,0,1,,
C0359900,704,576,,,3,0,1,,
C0360000,704,576,,,3,0,1,,
C0360100,704,576,,,3,0,1,,
C0360200,704,576,,,3,0,1,,
C0360300,704,576,,,3,0,1,,
C0360400,704,576,,,3,0,0,,
C0361300,704,576,,,3,0,1,,
C0361400,704,576,,,3,0,1,,
C0361500,704,576,,,3,0,1,,
C0361600,704,576,,,3,0,1,,
C0362100,704,576,,,3,0,0,,
C0362200,704,576,,,3,0,1,,Moving camera
C0362300,704,576,,,3,0,1,,Moving camera
C0362703,704,576,,,3,0,1,,Parking
C0362704,704,576,,,0,0,1,,
C0362801,704,576,,,0,0,1,,Parking
C0362802,704,576,,,3,0,2,,
C0363101,704,576,,,3,0,2,,
C0363201,704,576,,,3,0,1,,
C0363400,704,576,,,0,0,1,,
C0363500,1280,720,,,3,1,1,,Parking
C0363800,1280,720,,,3,1,0,,Parking
C0363900,1280,720,,,3,1,1,,Parking
C0364000,1280,720,,,3,1,2,,Parking
C0364700,1280,720,,,3,1,1,,
C0364800,1280,720,,,3,1,1,,
C0364900,1280,720,,,3,1,0,,
C0365000,1280,720,,,3,1,1,,
C0365900,1280,720,,,3,1,1,,
C0366000,1280,720,,,3,1,1,,
C0366101,1280,720,,,3,1,1,,
C0366102,1280,720,,,3,1,1,,
C0366103,1280,720,,,3,1,1,,
C0366104,1280,720,,,3,1,1,,
C0366109,1280,720,,,2,1,0,,
C0366301,1280,720,,,3,1,1,,
C0366302,1280,720,,,3,1,1,,
C0366309,1280,720,,,2,1,0,,
C0366400,1280,720,,,3,1,1,,
C0366501,704,576,,,3,0,1,,
C0366502,704,576,,,3,0,1,,
C0366509,704,576,,,2,0,0,,
C0367502,,,1,,,,,,
C0367602,1280,720,,,0,1,1,,
C0450109,704,576,,,0,0,1,,
C0450201,1280,720,,,3,1,1,,
C0450202,1280,720,,,3,1,1,,
C0450203,1280,720,,,3,1,1,,
C0450204,1280,720,,,3,1,1,,
C0450209,1280,720,,,2,1,1,,
C0450301,704,576,,,3,0,1,,
C0450302,704,576,,,3,0,1,,
C0450303,704,576,,,3,0,1,,
C0450304,704,576,,,3,0,2,,
C0450309,704,576,,,2,0,0,,
C0450401,1280,720,,,3,1,1,,
C0450402,1280,720,,,3,1,1,,
C0450409,1280,720,,,2,1,1,,
C0450501,704,576,,,0,0,1,,
C0450601,1280,720,,,0,1,1,,
C0450602,1280,720,,,3,1,1,,
C0450609,1280,720,,,2,1,1,,
C0450701,1280,720,,,3,1,2,,
C0450702,1280,720,,,3,1,2,,
C0450703,1280,720,,,3,1,2,,
C0450704,1280,720,,,3,1,2,,
C0450709,1280,720,,,2,1,1,,
C0450801,1280,720,,,3,1,1,,
C0450802,1280,720,,,0,1,1,,
C0450804,1280,720,,,0,1,0,,
C0450809,1280,720,,,2,1,1,,
C0450901,1280,720,,,3,1,1,,
C0450902,1280,720,,,3,1,1,,
C0450903,,,1,,,,,,
C0450904,1280,720,,,3,1,1,,
C0450909,1280,720,,,2,1,1,,
C0451002,704,576,,,0,0,1,,
C0451201,704,576,,,1,0,1,,
C0451202,704,576,,,1,0,1,,
C0451301,1280,720,,,0,1,1,,
C0451302,1280,720,,,3,1,1,,
C0451309,1280,720,,,2,1,0,,
C0451401,704,576,,,0,0,1,,
C0451602,704,576,,,0,0,0,,
C0451701,704,576,,,0,0,0,,
C0451801,1280,720,,,0,1,1,,
C0451802,1280,720,,,3,1,1,,
C0451803,1280,720,,,3,1,1,,
C0451804,1280,720,,,3,1,1,,
C0451809,1280,720,,,2,1,1,,
C0451901,1280,720,,,3,1,1,,
C0451902,1280,720,,,0,1,1,,
C0451909,1280,720,,,2,1,0,,
C0452001,704,576,,,0,0,1,,
C0452201,1280,720,,,0,1,1,,
C0452202,1280,720,,,0,1,1,,
C0452209,1280,720,,,2,1,0,,
C0452401,1280,720,,,3,1,1,,
C0452402,1280,720,,,3,1,1,,
C0452409,1280,720,,,2,1,1,,
C0452601,704,576,,,3,0,1,,
C0452602,704,576,,,3,0,1,,
C0452603,704,576,,,3,0,1,,
C0452604,704,576,,,3,0,1,,
C0452701,704,576,,,3,0,1,,
C0452702,704,576,,,3,0,1,,
C0452709,704,576,,,2,0,0,,
C0452801,1280,720,,,3,1,1,,
C0452802,1280,720,,,3,1,1,,
C0452809,1280,720,,,2,1,0,,
C0453001,1280,720,,,3,1,2,,
C0453002,1280,720,,,3,1,2,,
C0453009,1280,720,,,2,1,0,,
C0453101,1280,720,,,0,1,0,,
C0453102,1280,720,,,0,1,1,,
C0453104,1280,720,,,0,1,1,,
C0453109,1280,720,,,2,1,1,,
C0453301,1280,720,,,3,1,1,,
C0453302,1280,720,,,3,1,1,,
C0453309,1280,720,,,2,1,1,,
C0453401,1280,720,,,3,1,1,,
C0453402,1280,720,,,3,1,1,,
C0453403,1280,720,,,3,1,1,,
C0453404,1280,720,,,3,1,1,,
C0453408,1280,720,,,2,1,1,,
C0453409,1280,720,,,2,1,1,,
C0453501,1280,720,,,0,1,1,,
C0453502,1280,720,,,0,1,1,,
C0453509,1280,720,,,2,1,1,,
C0453601,704,576,,,3,0,1,,
C0453602,704,576,,,3,0,1,,
C0453609,704,576,,,2,0,1,,
C0453702,704,576,,,0,0,1,,
C0453801,1280,720,,,0,1,1,,
C0453802,1280,720,,,0,1,1,,
C0453809,1280,720,,,2,1,1,1,Very good LP
C0453901,704,576,,,0,0,1,,
C0454001,704,576,,,0,0,1,,
C0454002,704,576,,,0,0,1,,
C0454003,704,576,,,0,0,1,,
C0454004,704,576,,,0,0,0,,
C0454009,704,576,,,2,0,0,,
C0454109,704,576,,,2,0,1,,
C0454201,1280,720,,,0,1,1,,
C0454202,1280,720,,,0,1,1,,
C0454203,1280,720,,,0,1,0,,
C0454204,1280,720,,,0,1,0,,
C0454209,1280,720,,,2,1,0,,
C0454301,1280,720,,,0,1,0,,
C0454302,1280,720,,,0,1,0,,
C0454309,1280,720,,,2,1,0,,
C0454401,704,576,,,3,0,2,,
C0454402,704,576,,,3,0,2,,
C0454409,704,576,,,2,0,1,,
C0454601,704,576,,,3,0,2,,
C0454602,704,576,,,1,0,2,,
C0454603,704,576,,,1,0,2,,
C0454604,704,576,,,1,0,2,,
C0454701,1280,720,,,3,1,1,,
C0454702,1280,720,,,3,1,1,,
C0454703,1280,720,,,3,1,1,,
C0454704,1280,720,,,3,1,1,,
C0454709,1280,720,,,2,1,1,,
C0454801,704,576,,,3,0,2,,
C0454802,704,576,,,3,0,1,,
C0454809,704,576,,,2,0,1,,
C0455501,1280,720,,,3,1,1,,
C0455502,1280,720,,,3,1,2,,
C0455509,1280,720,,,3,1,2,,
C0455600,352,240,,,3,0,1,,
C0455800,352,240,,,3,0,1,,
C0456300,720,576,,,3,0,1,,
C0456401,720,576,,,3,0,1,,
C0456500,720,576,,,3,0,1,,Mostly Forest
C0456601,1280,720,,,3,1,1,,
C0456602,1280,720,,,3,1,1,,
C0456603,1280,720,,,0,1,1,,
C0456604,1280,720,,,0,1,1,,
C0456609,1280,720,,,2,1,0,,
C0456701,1280,720,,,2,1,0,,
C0456702,1280,720,,,2,1,1,,
C0456709,1280,720,,,2,1,0,,
C0456800,1280,720,,,3,1,1,,
C0456900,1280,720,,,3,1,1,,
C0457000,1280,720,,,3,1,1,,
C0457100,1280,720,,,3,1,1,,
C0457200,1280,720,,,3,1,1,,
C0459100,1280,720,,,3,1,1,,Tunnel
C0459400,1280,720,,,3,1,1,,Tunnel
C0460700,1280,720,,,3,1,1,,
C0460800,1280,720,,,3,1,1,,
C0460900,1280,720,,,3,1,1,,
C0461000,1280,720,,,3,1,1,,
C0461100,1280,720,,,3,1,1,,
C0461201,1280,720,,,3,1,1,,
C0461202,1280,720,,,3,1,1,,
C0461203,1280,720,,,3,1,1,,
C0461204,1280,720,,,3,1,1,,
C0461209,1280,720,,,2,1,0,,
C0461301,1280,720,,,0,1,1,,
C0461302,1280,720,,,0,1,2,,
C0461303,1280,720,,,0,1,1,,
C0461304,1280,720,,,0,1,1,,
C0461309,1280,720,,,2,1,1,,
C0461401,1280,720,,,3,1,1,,
C0461402,1280,720,,,3,1,1,,
C0461403,1280,720,,,3,1,1,,
C0461404,1280,720,,,3,1,1,,
C0461409,1280,720,,,2,1,1,,
C0461501,1280,720,,,3,1,1,,
C0461502,1280,720,,,3,1,1,,
C0461503,1280,720,,,3,1,1,,
C0461504,1280,720,,,3,1,1,,
C0461509,1280,720,,,2,1,0,,
C0461601,1280,720,,,0,1,1,,
C0461602,1280,720,,,0,1,1,,
C0461609,1280,720,,,2,1,0,,
C0461611,,,1,,,,,,
C0650101,1280,720,,,3,1,1,,
C0650102,1280,720,,,3,1,1,,
C0650103,1280,720,,,3,1,1,,
C0650104,1280,720,,,3,1,2,,
C0650109,1280,720,,,2,1,0,,
C0650201,704,576,,,0,0,0,,
C0650202,704,576,,,0,0,0,,
C0650203,704,576,,,0,0,1,,
C0650301,1280,720,,,0,1,1,,
C0650302,1280,720,,,0,1,0,,Image changing from 2 to 0
C0650303,1280,720,,,0,1,0,,
C0650309,1280,720,,,2,1,0,,
C0650401,704,576,,,0,0,1,,
C0650402,704,576,,,0,0,1,,
C0650408,704,576,,,,,,,Lake View
C0650409,704,576,,,2,0,0,,
C0650501,704,576,,,0,0,0,,
C0650502,704,576,,,0,0,1,,
C0650504,704,576,,,0,0,0,,
C0650509,704,576,,,2,0,0,,
C0650601,800,450,,,0,0,0,,
C0650700,1280,720,,,0,1,1,,
C0650801,1280,720,,,0,1,1,,
C0650802,1280,720,,,0,1,1,,
C0650808,1280,720,,,2,1,1,,
C0650809,1280,720,,,2,1,0,,
C0650901,1280,720,,,0,1,1,,
C0650909,1280,720,,,2,1,0,,
C0651001,1280,720,,,0,1,1,,
C0651002,1280,720,,,0,1,1,,
C0651009,1280,720,,,2,1,1,,
C0651101,704,576,,,3,0,1,,
C0651102,704,576,,,3,0,1,,
C0651109,704,576,,,2,0,1,,
C0651201,1280,720,,,3,1,1,,
C0651202,1280,720,,,3,1,1,,
C0651209,1280,720,,,2,1,1,,
C0651301,1280,720,,,3,1,1,,
C0651302,1280,720,,,3,1,1,,
C0651303,1280,720,,,3,1,1,,
C0651304,1280,720,,,3,1,1,,
C0651309,1280,720,,,2,1,1,1,
C0651401,1280,720,,,3,1,1,,
C0651402,1280,720,,,3,1,1,,
C0651409,1280,720,,,2,1,0,,
C0651501,800,600,,,0,1,1,,
C0651601,704,576,,,0,0,0,,
C0651602,704,576,,,0,0,1,,
C0651609,704,576,,,2,0,0,,
C0651701,1280,720,,,0,1,1,,
C0651702,1280,720,,,0,1,1,,
C0651709,1280,720,,,2,1,0,,
C0651801,1280,720,,,3,1,1,,
C0651802,1280,720,,,3,1,1,,
C0651808,1280,720,,,,,,,Lake View
C0651809,1280,720,,,2,1,0,,
C0750101,1280,720,,,0,1,0,,
C0750201,1280,720,,,0,1,0,,
C0750301,1280,720,,,0,1,0,,
C0750401,800,600,,,0,1,0,,
C0750501,800,450,,,0,1,0,,
C0850302,1280,720,,,3,1,0,,
C0850501,1280,720,,,0,1,0,,
C0850502,1280,720,,,0,1,0,,
C0850503,1280,720,,,0,1,0,,
C0850504,1280,720,,,0,1,0,,
C0850509,1280,720,,,2,1,0,,
C0850601,704,576,,,0,0,1,,
C0850602,704,576,,,0,0,1,,
C0850609,704,576,,,2,0,0,,
C0850801,1280,720,,,0,1,1,,
C0850802,1280,720,,,0,1,1,,
C0850809,1280,720,,,2,1,0,,
C0850901,1280,720,,,0,1,1,,
C0850902,1280,720,,,0,1,1,,
C0850903,1280,720,,,0,1,1,,
C0850904,1280,720,,,0,1,1,,
C0850909,1280,720,,,2,1,0,,
C0851001,704,576,,,3,0,1,,
C0851002,704,576,,,3,0,1,,
C0851101,1280,720,,,0,1,1,,
C0851102,1280,720,,,0,1,1,,
C0851109,1280,720,,,2,1,0,,
C0851701,1280,720,,,0,1,1,,
C0851702,1280,720,,,0,1,1,,
C0851709,1280,720,,,2,1,0,,Changes from 0 to 2
C0851801,1280,720,,,0,1,1,,
C0851802,1280,720,,,0,1,1,,
C0851809,1280,720,,,2,1,0,,
C0851901,704,576,,,0,0,1,,
C0851902,704,576,,,0,0,1,,
C0851909,704,576,,,2,0,0,,
C0852001,704,576,,,0,1,1,,
C0852002,704,576,,,0,1,0,,
C0852009,704,576,,,2,1,0,,
C0852101,704,576,,,0,0,1,,
C0852102,704,576,,,0,0,1,,
C0852109,704,576,,,2,0,0,,
C0852201,704,576,,,0,0,1,,
C0852202,704,576,,,0,0,1,,
C0852209,704,576,,,2,0,0,,
C0852301,704,576,,,0,0,1,,
C0852302,704,576,,,0,0,1,,
C0852401,1280,720,,,3,1,1,,
C0852402,1280,720,,,3,1,1,,
C0852409,1280,720,,,2,1,0,,Changes from 3 to 2
C0852501,704,576,,,0,0,1,,
C0852502,704,576,,,0,0,1,,
C0852503,704,576,,,0,0,1,,
C0852601,1280,720,,,0,1,0,,
C0852602,1280,720,,,0,1,0,,
C0852603,1280,720,,,0,1,0,,
C0852604,1280,720,,,0,1,0,,
C0852609,1280,720,,,2,1,0,,
C0852701,704,576,,,0,0,1,,
C0852702,704,576,,,0,0,0,,
C0852709,704,576,,,2,0,0,,
C0852801,1280,720,,,0,1,0,,Changes in resolution from 704 to 1280
C0852802,1280,720,,,0,1,0,,Changes in resolution from 704 to 1280
C0852809,1280,720,,,2,1,0,,Changes in resolution from 704 to 1280
C0852901,704,576,,,0,0,1,,
C0852902,704,576,,,0,0,0,,
C0852909,704,576,,,2,0,0,,
C0853001,704,576,,,3,0,1,,
C0853002,704,576,,,0,0,1,,
C0853009,704,576,,,2,0,0,,
C0853101,704,576,,,3,0,1,,
C0853102,704,576,,,3,0,1,,
C0853109,704,576,,,2,0,0,,
C0853201,1280,720,,,3,1,1,,
C0853202,1280,720,,,3,1,0,,
C0853209,1280,720,,,2,1,0,,
C0853301,1280,720,,,3,1,1,,Changes in resolution from 704 to 1280
C0853302,1280,720,,,3,1,1,,Changes in resolution from 704 to 1280
C0853309,1280,720,,,2,1,0,,Changes in resolution from 704 to 1280 and 3 to 2
C0853401,704,576,,,0,0,1,,
C0853402,704,576,,,0,0,1,,
C0853403,704,576,,,0,0,0,,
C0853404,1280,720,,,0,1,1,,
C0853409,704,576,,,2,0,0,,
C0853501,704,576,,,0,0,0,,
C0853502,704,576,,,0,0,0,,
C0853504,704,576,,,0,0,0,,
C0853509,704,576,,,2,0,0,,
C0853601,1280,720,,,3,1,1,,
C0853602,1280,720,,,3,1,1,,
C0853609,1280,720,,,2,1,0,,
C0853701,1280,720,,,0,1,1,,
C0853702,1280,720,,,0,1,1,,
C0853709,1280,720,,,2,1,0,,
C0853801,704,576,,,0,0,1,,
C0853802,704,576,,,0,0,1,,
C0853803,704,576,,,3,0,1,,
C0853804,704,576,,,3,0,1,,
C0853809,704,576,,,2,0,0,,
C0854001,704,576,,,0,0,1,,
C0854002,704,576,,,0,0,1,,
C0854101,704,576,,,0,0,1,,
C0854102,704,576,,,0,0,1,,
C0854109,704,576,,,2,0,0,,
C0854301,704,576,,,0,0,1,,
C0854302,704,576,,,0,0,1,,
C0854304,704,576,,,0,0,1,,
C0854309,704,576,,,2,0,0,,
C0854401,1280,720,,,0,1,0,,
C0854402,1280,720,,,0,1,0,,
C0854403,1280,720,,,0,1,1,,
C0854409,1280,720,,,2,1,0,,
C0854501,704,576,,,0,0,0,,
C0854502,704,576,,,0,0,0,,
C0854509,704,576,,,2,0,0,,
C0854601,704,576,,,3,0,1,,
C0854602,704,576,,,3,0,1,,
C0854603,704,576,,,0,0,1,,
C0854604,704,576,,,0,0,1,,
C0854701,704,576,,,0,0,1,,
C0854702,704,576,,,0,0,1,,
C0854709,704,576,,,2,0,0,,
C0854801,704,576,,,0,0,1,,
C0854802,704,576,,,0,0,1,,
C0854803,704,576,,,0,0,1,,
C0854804,704,576,,,0,0,1,,
C0854901,1280,720,,,0,1,1,,
C0854902,1280,720,,,0,1,1,,
C0854909,1280,720,,,2,1,0,,
C0855002,704,576,,,0,0,1,,
C0855100,704,576,,,0,0,1,,
C0855201,704,576,,,0,0,1,,
C0855202,704,576,,,0,0,0,,
C0855204,704,576,,,0,0,1,,
C0855209,704,576,,,2,0,0,,
C0855301,704,576,,,0,0,0,,
C0855302,704,576,,,0,0,1,,
C0855309,704,576,,,2,0,0,,
C0855400,704,576,,,3,0,1,,
C0855500,704,576,,,3,0,1,,
C0855601,1280,720,,,3,1,1,,
C0855602,1280,720,,,3,1,1,,
C0855609,1280,720,,,2,1,1,,
C0855701,1280,720,,,3,1,1,,
C0855702,1280,720,,,3,1,1,,
C0855706,1280,720,,,,,,,View on tower
C0855707,1280,720,,,,,,,Lake View
C0855708,1280,720,,,,,,,Lake View
C0855709,1280,720,,,2,1,0,,
C0855801,1280,720,,,3,1,1,,
C0855802,1280,720,,,3,1,1,,
C0855809,1280,720,,,2,1,0,,
C0855901,1280,720,,,3,1,1,,
C0855902,1280,720,,,3,1,1,,
C0855909,1280,720,,,2,1,0,,
C0856001,1280,720,,,3,1,1,,
C0856002,1280,720,,,3,1,1,,
C0856003,1280,720,,,3,1,1,,
C0856009,1280,720,,,2,1,1,,
C0856101,1280,720,,,3,1,1,,
C0856102,1280,720,,,3,1,1,,
C0856109,1280,720,,,2,1,0,,
C0857201,704,576,,,3,0,1,,
C0857202,704,576,,,2,0,1,,
C0857209,704,576,,,2,0,1,,
C0857301,1280,720,,,1,1,1,,
C0857302,1280,720,,,3,1,1,,
C0857309,1280,720,,,2,1,0,,
C0857401,704,576,,,0,0,1,,
C0857402,704,576,,,0,0,1,,
C0857409,704,576,,,2,0,0,,
C0857502,704,576,,,0,0,1,,
C0857503,704,576,,,0,0,1,,
C0857504,704,576,,,0,0,0,,
C0857509,704,576,,,2,0,0,,
C0857601,1280,720,,,3,1,1,,
C0857602,1280,720,,,3,1,1,,
C0857603,1280,720,,,3,1,1,,
C0857604,1280,720,,,3,1,1,,
C0857609,1280,720,,,2,1,0,,
C0857701,1280,720,,,0,1,0,,
C0857801,1280,720,,,0,1,0,,
C0857901,1280,720,,,0,1,0,,
C0858301,704,576,,,0,0,0,,
C0858302,704,576,,,0,0,0,,
C0858304,704,576,,,0,0,0,,
C0858309,704,576,,,2,0,0,,
C0858401,704,576,,,0,0,0,,
C0858402,704,576,,,0,0,1,,
C0858409,704,576,,,2,0,0,,
C0858501,1280,720,,,0,1,0,,
C0858502,1280,720,,,0,1,0,,
C0858509,1280,720,,,2,1,0,,
C0858601,1280,720,,,0,1,0,,House redacted with grey
C0858602,1280,720,,,0,1,0,,
C0858609,1280,720,,,2,1,0,,
C0858701,1280,720,,,3,1,1,,
C0858702,1280,720,,,3,1,1,,
C0858706,1280,720,,,,,,,Lake View
C0858708,1280,720,,,,,,,Lake View
C0858709,1280,720,,,2,1,0,,
C0858801,1280,720,,,0,1,1,,
C0858802,1280,720,,,0,1,1,,
C0858809,1280,720,,,2,1,0,,
C0950101,1280,720,,,0,1,1,,
C0950102,1280,720,,,0,1,1,,
C0950109,1280,720,,,2,1,0,,
C0950201,1280,720,,,0,1,0,,
C0950202,1280,720,,,0,1,0,,
C0950209,1280,720,,,2,1,0,,
C0950301,1280,720,,,0,1,1,,
C0950302,1280,720,,,0,1,0,,
C0950309,1280,720,,,0,1,1,,
C0950401,1280,720,,,3,1,1,,
C0950402,1280,720,,,3,1,1,,
C0950409,1280,720,,,2,1,0,,
C0950501,1280,720,,,0,1,1,,
C0950502,1280,720,,,0,1,1,,
C0950509,1280,720,,,2,1,0,,
C0950601,704,576,,,0,0,1,,
C0950602,704,576,,,0,0,1,,
C0950609,704,576,,,2,0,1,,
C0950701,704,576,,,0,0,1,,
C0950702,704,576,,,0,0,1,,
C0950709,704,576,,,2,0,0,,
C0950901,1280,720,,,0,1,1,,
C0950902,1280,720,,,0,1,1,,
C0950909,1280,720,,,2,1,0,,
C0951002,704,576,,,1,0,1,,
C0951101,1280,720,,,3,1,1,,
C0951102,1280,720,,,3,1,1,,
C0951109,1280,720,,,2,1,0,,
C0951201,704,576,,,0,0,1,,
C0951202,704,576,,,0,0,1,,
C0951208,704,576,,,,,,,Mountain View
C0951209,704,576,,,2,0,0,,
C0951301,1280,720,,,0,1,1,,
C0951302,1280,720,,,0,1,1,,
C0951309,1280,720,,,2,1,0,,
C0951401,1280,720,,,0,1,0,,
C0951402,1280,720,,,0,1,0,,
C0951409,1280,720,,,2,1,0,,
C0951501,1280,720,,,0,1,1,,
C0951502,1280,720,,,0,1,1,,
C0951509,1280,720,,,2,1,0,,
C0951601,1280,720,,,0,1,1,,
C0951602,1280,720,,,0,1,1,,
C0951609,1280,720,,,2,1,0,,
C0951801,1280,720,,1,,,,,Grey noise
C0951802,1280,720,,1,,,,,Grey noise
C0951809,1280,720,,1,,,,,Grey noise
C0951901,1280,720,,,0,1,0,,
C0951902,1280,720,,,0,1,1,,
C0951909,1280,720,,,2,1,0,,
C0952001,704,576,,,0,0,1,,Field View
C0952002,704,576,,,0,0,1,,Field View
C0952009,704,576,,,0,0,1,,Field View
C0952101,704,576,,,0,0,0,,
C0952102,704,576,,,0,0,0,,
C0952109,704,576,,,0,0,0,,
C0952201,1280,720,,,0,1,1,,
C0952202,1280,720,,,0,1,1,,
C0952209,1280,720,,,2,1,0,,
C0952301,1280,720,,,0,1,0,,
C0952302,1280,720,,,0,1,1,,
C0952309,1280,720,,,2,1,0,,
C0952401,704,576,,,0,0,0,,
C0952402,704,576,,,0,0,1,,
C0952409,704,576,,,2,0,0,,
C0952501,1280,720,,,0,1,1,,
C0952502,1280,720,,,0,1,1,,
C0952509,1280,720,,,2,1,1,,Very good LP
C0952601,1280,720,,,0,1,0,,
C0952702,1280,720,,,0,1,1,,
C0952801,1280,720,,,0,1,1,,
C0952901,1280,720,,,0,1,0,,
C0953001,1280,720,,,0,1,1,,
C0953101,1280,720,,,0,1,1,,
C0953102,1280,720,,,0,1,1,,
C0953109,1280,720,,,2,1,0,,
C1050101,704,576,,,0,0,1,,
C1050102,704,576,,,0,0,1,,
C1050109,704,576,,,2,0,0,,
C1050201,1280,720,,,0,1,1,,
C1050202,1280,720,,,0,1,1,,
C1050209,1280,720,,,2,1,0,,
C1050301,704,576,,,0,0,1,,
C1050302,704,576,,,0,0,0,,
C1050309,704,576,,,2,0,0,,
C1050401,1280,720,,,0,1,1,,
C1050402,1280,720,,,0,1,1,,
C1050409,1280,720,,,2,1,1,,
C1050501,704,576,,,0,1,1,,
C1050502,704,576,,,0,1,1,,
C1050509,704,576,,,2,1,0,,
C1050601,1280,720,,,0,1,1,,Bridge
C1050602,1280,720,,,0,1,1,,Bridge
C1050607,1280,720,,,,,,,Lake View
C1050608,1280,720,,,,,,,Lake View
C1050609,1280,720,,,2,1,1,,
C1050701,1280,720,,,0,1,1,,
C1050702,1280,720,,,0,1,1,,
C1050709,1280,720,,,2,1,0,,
C1050801,1280,720,,,3,1,1,,
C1050802,1280,720,,,3,1,1,,
C1050803,1280,720,,,0,1,1,,
C1050804,1280,720,,,0,1,1,,
C1050809,1280,720,,,2,1,0,,
C1051001,1280,720,,,0,1,1,,Bridge
C1051002,1280,720,,,0,1,1,,
C1051009,1280,720,,,0,1,1,,Bridge
C1051101,1280,720,,,0,1,1,,Bridge
C1051102,1280,720,,,0,1,1,,Bridge
C1051109,1280,720,,,2,1,0,,
C1051201,704,576,,,0,0,1,,
C1051202,704,576,,,0,0,1,,
C1051209,704,576,,,2,0,0,,
C1051301,704,576,,,0,0,1,,
C1051302,704,576,,,0,0,1,,
C1051309,704,576,,,2,0,0,,
C1051401,704,576,,,0,0,1,,
C1051402,704,576,,,0,0,1,,
C1051409,704,576,,,2,0,0,,
C1051501,704,576,,,0,0,0,,
C1051502,704,576,,,0,0,0,,
C1051509,704,576,,,2,0,0,,
C1051601,704,576,,,0,0,1,,
C1051602,704,576,,,0,0,1,,
C1051609,704,576,,,2,0,0,,
C1051701,704,576,,,0,0,1,,
C1051702,704,576,,,0,0,1,,
C1051709,704,576,,,2,0,0,,
C1051801,704,576,,,0,0,0,,
C1051802,704,576,,,0,0,0,,
C1051809,704,576,,,2,0,0,,
C1051901,704,576,,,0,0,0,,
C1051902,704,576,,,0,0,1,,
C1051909,704,576,,,2,0,0,,
C1052001,1280,720,,,0,1,1,,
C1052002,1280,720,,,0,1,1,,
C1052009,1280,720,,,2,1,0,,
C1052101,704,576,,,0,0,0,,
C1052102,704,576,,,0,0,1,,
C1052109,704,576,,,2,0,0,,
C1052201,704,576,,,0,0,1,,
C1052202,704,576,,,0,0,1,,
C1052209,704,576,,,2,0,1,,
C1052301,704,576,,,3,0,2,,
C1052302,704,576,,,3,0,2,,
C1052303,704,576,,,3,0,2,,
C1052309,704,576,,,3,0,2,,
C1052401,704,576,,,0,0,1,,
C1052402,704,576,,,0,0,0,,
C1052409,704,576,,,2,0,0,,
C1052501,704,576,,,0,0,1,,
C1052502,704,576,,,0,0,1,,
C1052509,704,576,,,2,0,0,,
C1052601,704,576,,,0,0,1,,
C1052602,704,576,,,0,0,0,,
C1052609,704,576,,,2,0,0,,
C1052701,704,576,,,0,0,1,,
C1052702,704,576,,,0,0,1,,
C1052709,704,576,,,0,0,0,,
C1052801,704,576,,,0,0,1,,
C1052802,704,576,,,0,0,0,,
C1052803,704,576,,,3,0,0,,
C1052804,704,576,,,3,0,0,,
C1052809,704,576,,,2,0,0,,
C1052901,704,576,,,0,0,1,,
C1052902,704,576,,,0,0,0,,
C1052909,704,576,,,2,0,1,,
C1053001,704,576,,,0,0,1,,
C1053002,704,576,,,0,0,1,,
C1053009,704,576,,,2,0,0,,
C1053101,704,576,,,0,0,1,,
C1053102,704,576,,,0,0,1,,
C1053109,704,576,,,2,0,1,,
C1053201,704,576,,,0,0,1,,
C1053202,704,576,,,0,0,0,,
C1053209,704,576,,,2,0,0,,
C1053301,704,576,,,0,0,0,,
C1053302,704,576,,,0,0,1,,
C1053309,704,576,,,2,0,0,,
C1053401,1280,720,,,0,1,1,,
C1053402,1280,720,,,0,1,1,,
C1053409,1280,720,,,2,1,0,,
C1053501,704,576,,,1,1,0,,
C1053502,704,576,,,1,1,1,,
C1053509,704,576,,,2,1,0,,
C1053601,1280,720,,,0,1,1,,
C1053602,1280,720,,,0,1,1,,
C1053609,1280,720,,,2,1,1,,
C1053701,704,576,,,0,0,1,,
C1053702,704,576,,,0,0,1,,
C1053709,704,576,,,2,0,0,,
C1053801,704,576,,,0,0,1,,
C1053802,704,576,,,0,0,1,,
C1053803,704,576,,,0,0,1,,
C1053804,704,576,,,3,0,1,,
C1053809,704,576,,,2,0,0,,
C1053901,640,480,,,0,1,0,,
C1053902,640,480,,,0,1,0,,
C1053909,640,480,,,2,1,0,,
C1054001,800,600,,,0,1,0,,
C1054101,1280,720,,,0,1,0,,
C1054102,1280,720,,,0,1,0,,
C1054109,1280,720,,,2,1,0,,
C1054201,1280,720,,,0,1,1,,
C1054202,1280,720,,,3,1,0,,
C1054204,1280,720,,,3,1,0,,
C1054209,1280,720,,,2,1,0,,
C1054301,1280,720,,,0,1,1,,
C1054302,1280,720,,,0,1,1,,
C1054303,1280,720,,,0,1,1,,
C1054304,1280,720,,,0,1,1,,
C1054309,1280,720,,,2,1,0,,
C1054501,1280,720,,,0,1,1,,
C1054502,1280,720,,,0,1,1,,
C1054509,1280,720,,,0,1,1,,
C1054601,640,480,,,0,1,1,,
C1054602,640,480,,,0,1,1,,
C1054609,640,480,,,2,1,0,,
C1054701,1280,720,,,0,1,0,,
C1054702,1280,720,,,0,1,0,,
C1054709,1280,720,,,2,1,0,,
C1054801,800,600,,,3,1,1,,
C1054901,720,576,,,0,1,1,,
C1054902,720,576,,,0,1,1,,
C1054909,720,576,,,2,1,1,,
C1055001,1280,720,,,0,1,1,,
C1055002,1280,720,,,0,1,1,,
C1055009,1280,720,,,2,1,0,,
C1055101,720,576,,,0,1,1,,
C1055102,720,576,,,0,1,1,,
C1055109,720,576,,,2,1,0,,
C1055201,1280,720,,,0,1,1,,
C1055202,1280,720,,,0,1,1,,
C1055204,1280,720,,,0,1,0,,
C1055209,1280,720,,,2,1,0,,
C1055301,1280,720,,,0,1,1,,
C1055302,1280,720,,,0,1,2,,
C1055309,1280,720,,,2,1,1,,Some images are black
C1055401,1280,720,,,0,1,1,,
C1055501,1280,720,,,0,1,0,,
C1250101,1280,720,,,0,1,0,,
C1250102,1280,720,,,0,1,0,,
C1250109,1280,720,,,2,1,0,,
C1250201,1280,720,,,0,1,1,,
C1250202,1280,720,,,0,1,0,,
C1250209,1280,720,,,2,1,0,,
C1250301,1280,720,,,3,1,2,,
C1250302,1280,720,,,3,1,2,,
C1250303,1280,720,,,3,1,2,,
C1250304,1280,720,,,3,1,2,,
C1250309,1280,720,,,2,1,0,,
C1250401,1280,720,,,3,1,2,,Similar images 1
C1250402,1280,720,,,3,1,2,,Similar images 1
C1250403,1280,720,,,3,1,2,,Similar images 1
C1250404,1280,720,,,3,1,2,,Similar images 1
C1250409,1280,720,,,3,1,2,,Similar images 1
C1250501,1280,720,,,0,1,1,,
C1250502,1280,720,,,0,1,1,,
C1250509,1280,720,,,2,1,0,,
C1250601,1280,720,,,0,1,0,,
C1250602,1280,720,,,0,1,0,,
C1250609,1280,720,,,2,1,0,,
C1250701,1280,720,,,0,1,1,,
C1250702,1280,720,,,0,1,0,,
C1250709,1280,720,,,2,1,0,,
C1250801,1280,720,,,3,1,1,,
C1250802,1280,720,,,3,1,1,,
C1250803,1280,720,,,3,1,1,,
C1250804,1280,720,,,3,1,1,,
C1250809,1280,720,,,2,1,1,,
C1250901,1280,720,,,0,1,1,,
C1250902,1280,720,,,0,1,1,,
C1250903,1280,720,,,0,1,0,,
C1250907,1280,720,,,,,,,City View
C1250909,1280,720,,,2,1,0,,
C1251001,1280,720,,,0,1,0,,
C1251002,1280,720,,,0,1,0,,
C1251009,1280,720,,,2,1,0,,
C1251101,1280,720,,,0,1,1,,
C1251102,1280,720,,,0,1,1,,
C1251109,1280,720,,,2,1,0,,
C1251300,1280,720,,,3,1,2,,
C1251401,1280,720,,,0,1,1,,
C1251402,1280,720,,,0,1,1,,
C1251403,1280,720,,,0,1,1,,
C1251404,1280,720,,,0,1,1,,
C1251409,1280,720,,,2,1,0,,
C1251501,1280,720,,,0,1,1,,
C1251502,1280,720,,,0,1,1,,
C1251509,1280,720,,,2,1,0,,
C1251601,704,576,,,0,1,0,,
C1251602,704,576,,,0,1,0,,
C1251609,704,576,,,2,1,0,,
C1251701,1280,720,,,0,1,1,,
C1251702,1280,720,,,0,1,0,,
C1251709,1280,720,,,2,1,0,,
C1251901,1280,720,,,0,1,0,,
C1251902,1280,720,,,0,1,0,,
C1251904,1280,720,,,0,1,0,,
C1251909,1280,720,,,2,1,0,,
C1252001,704,576,,,0,1,0,,
C1252002,704,576,,,0,1,1,,
C1252009,704,576,,,2,1,0,,
C1252101,1280,720,,,0,1,1,,
C1252102,1280,720,,,0,1,1,,
C1252109,1280,720,,,2,1,0,,
C1252201,1280,720,,,0,1,1,,
C1252202,1280,720,,,0,1,1,,
C1252209,1280,720,,,2,1,0,,
C1252401,1280,720,,,0,1,1,,
C1252402,1280,720,,,0,1,1,,
C1252409,1280,720,,,2,1,0,,
C1252601,1280,720,,,0,1,1,,
C1252602,1280,720,,,0,1,1,,
C1252609,1280,720,,,2,1,0,,
C1252702,1280,720,,,0,1,1,,
C1252709,1280,720,,,2,1,0,,
C1252801,704,576,,,0,1,0,,
C1252802,704,576,,,0,1,0,,
C1252809,704,576,,,2,1,0,,
C1252901,1280,720,,,0,1,1,,
C1252902,1280,720,,,0,1,1,,
C1252903,1280,720,,,0,1,1,,
C1252909,1280,720,,,2,1,0,,
C1253001,704,576,,,0,1,0,,
C1253002,704,576,,,0,1,1,,
C1253009,704,576,,,2,1,0,,
C1253101,1280,720,,,0,1,1,,
C1253102,1280,720,,,0,1,0,,
C1253109,1280,720,,,2,1,0,,
C1253201,704,576,,,0,1,2,,
C1253202,704,576,,,0,1,1,,
C1253209,704,576,,,2,1,0,,
C1253301,704,576,,,0,1,1,,
C1253302,704,576,,,0,1,1,,
C1253303,704,576,,,0,1,1,,
C1253309,704,576,,,2,1,0,,
C1253401,1280,720,,,0,1,0,,"Black images in the night, no IR supposedly"
C1253402,1280,720,,,0,1,0,,
C1253409,1280,720,,,2,1,0,,
C1253501,704,576,,,0,1,0,,
C1253601,1280,720,,,0,1,0,,
C1253602,1280,720,,,0,1,0,,
C1253609,1280,720,,,2,1,0,,
C1253701,1280,720,,,3,1,2,,
C1253702,1280,720,,,3,1,1,,
C1253709,1280,720,,,2,1,1,,
C1253801,1280,720,,,0,1,0,,"Black images in the night, no IR supposedly"
C1253802,1280,720,,,0,1,0,,
C1253809,1280,720,,,2,1,0,,
C1253901,1280,720,,,0,1,1,,
C1253902,1280,720,,,0,1,0,,
C1253909,1280,720,,,2,1,0,,
C1254001,704,576,,,0,1,0,,
C1254101,1280,720,,,0,1,1,,
C1254102,1280,720,,,0,1,0,,
C1254109,1280,720,,,2,1,0,,
C1254201,704,576,,,0,1,0,,
C1254202,704,576,,,0,1,1,,
C1254209,704,576,,,2,1,1,,
C1254301,1280,720,,,0,1,1,,
C1254302,1280,720,,,0,1,1,,
C1254309,1280,720,,,2,1,0,,
C1254400,1280,720,,,3,1,2,,
C1254501,704,576,,,0,1,0,,"Black images in the night, no IR supposedly"
C1254502,704,576,,,0,1,0,,"Black images in the night, no IR supposedly"
C1254504,704,576,,,0,1,1,,"Black images in the night, no IR supposedly"
C1254509,704,576,,,2,1,0,,
C1254701,1280,720,,,0,1,1,,
C1254702,1280,720,,,3,1,2,,
C1254709,1280,720,,,2,1,0,,
C1254802,1280,720,,,0,1,0,,Barrer
C1254809,1280,720,,,2,1,0,,
C1255001,1280,720,,,0,1,0,,
C1255002,1280,720,,,0,1,1,,
C1255007,1280,720,,,,,,,Mountain View
C1255009,1280,720,,,2,1,0,,
C1255101,704,576,,,0,1,1,,
C1255102,704,576,,,0,1,0,,
C1255109,704,576,,,2,1,0,,
C1255201,1280,720,,,3,1,1,,
C1255202,1280,720,,,3,1,1,,
C1255203,1280,720,,,3,1,1,,
C1255204,1280,720,,,3,1,1,,
C1255209,1280,720,,,2,1,1,,
C1255300,704,576,,,0,1,0,,
C1255401,1280,720,,,0,1,0,,
C1255402,1280,720,,,0,1,0,,
C1255409,1280,720,,,2,1,1,,
C1255501,1280,720,,,0,1,0,,House redacted with grey
C1255502,1280,720,,,0,1,0,,
C1255503,1280,720,,,0,1,0,,
C1255504,1280,720,,,0,1,0,,
C1255509,704,576,,,2,1,0,,
C1255601,1280,720,,,0,1,1,,
C1255602,1280,720,,,0,1,0,,
C1255609,1280,720,,,0,1,1,,
C1255701,1280,720,,,0,1,2,,
C1255702,1280,720,,,0,1,2,,
C1255703,1280,720,,,0,1,2,,
C1255704,1280,720,,,0,1,0,,
C1255709,1280,720,,,2,1,0,,
C1255801,1280,720,,,0,1,0,,
C1255802,1280,720,,,0,1,0,,
C1255809,1280,720,,,2,1,0,,
C1255901,1280,720,,,3,1,2,,
C1255902,1280,720,,,3,1,2,,
C1255904,1280,720,,,3,1,2,,
C1256001,1280,720,,,3,1,2,,
C1256002,1280,720,,,3,1,2,,
C1256003,,,,,,,,,Image from previous cameras
C1256004,1280,720,,,3,1,1,,
C1256009,1280,720,,,2,1,0,,
C1256101,1280,720,,,3,1,1,,
C1256102,1280,720,,,3,1,1,,
C1256109,1280,720,,,2,1,0,,
C1256201,704,576,,,0,0,1,,
C1256202,704,576,,,0,0,1,,
C1256209,704,576,,,0,0,1,,
C1256301,1280,720,,,3,1,1,,
C1256302,1280,720,,,3,1,1,,
C1256303,1280,720,,,3,1,2,,
C1256309,1280,720,,,2,1,0,,
C1256401,704,576,,,0,0,1,,
C1256402,704,576,,,0,0,0,,
C1256409,704,576,,,2,0,0,,
C1256501,704,576,,,0,0,0,,
C1256502,704,576,,,0,0,1,,
C1256509,704,576,,,2,0,0,,
C1256601,1280,720,,,0,1,0,,
C1256602,1280,720,,,0,1,1,,
C1256609,1280,720,,,2,1,0,,
C1256701,1280,720,,,0,1,1,,
C1256702,1280,720,,,0,1,0,,
C1256709,1280,720,,,2,1,0,,
C1256801,1280,720,,,0,1,0,,
C1256802,1280,720,,,0,1,0,,
C1256809,1280,720,,,2,1,0,,
C1256901,704,576,,,0,0,2,,
C1256902,704,576,,,0,0,1,,
C1256909,704,576,,,2,0,0,,
C1257001,704,576,,,0,0,1,,
C1257002,704,576,,,3,0,2,,
C1257003,704,576,,,3,0,2,,
C1257004,704,576,,,3,0,2,,
C1257009,704,576,,,2,0,0,,
C1257101,1280,720,,,0,1,1,,
C1257102,1280,720,,,0,1,1,,
C1257109,1280,720,,,2,1,0,,
C1257201,1280,720,,,0,1,1,,
C1257301,1280,720,,,0,1,1,,
C1257302,1280,720,,,0,1,1,,
C1257309,1280,720,,,2,1,0,,
C1257401,1280,720,,,0,1,1,,
C1257501,1280,720,,,0,1,1,,
C1257601,800,600,,,0,1,1,,
C1257701,800,450,,,0,1,1,,
C1257809,1280,720,,,0,1,1,,
C1257901,1280,720,,,0,1,0,,
C1258101,1280,720,,,3,1,2,,
C1258102,1280,720,,,3,1,2,,
C1258103,1280,720,,,3,1,2,,
C1258104,1280,720,,,3,1,1,,
C1258109,1280,720,,,2,1,0,,
C1258201,1280,720,,,0,1,1,,"Black images in the night, no IR supposedly"
C1258202,1280,720,,,0,1,1,,
C1258209,1280,720,,,2,1,0,,
C1258302,1440,1080,,,0,1,0,,
C1258401,1280,720,,,0,1,0,,
C1258402,1280,720,,,0,1,1,,
C1258409,1280,720,,,2,1,0,,
C1258501,1280,720,,,0,1,0,,5 similar images
C1258601,704,576,,,0,0,1,,
C1258602,704,576,,,0,0,0,,
C1258609,704,576,,,2,0,0,,
C1258701,1280,720,,,3,1,1,,
C1258702,1280,720,,,3,1,2,,
C1258703,1280,720,,,3,1,1,,
C1258704,1280,720,,,3,1,1,,
C1258709,1280,720,,,2,1,0,,
C1258801,1280,720,,,3,1,0,,
C1258802,1280,720,,,3,1,1,,
C1258809,1280,720,,,2,1,0,,
C1258901,1280,720,,,3,1,2,,
C1258902,1280,720,,,3,1,2,,
C1258903,1280,720,,,3,1,2,,
C1258904,1280,720,,,3,1,2,,
C1258909,1280,720,,,2,1,0,,
C1259001,1280,720,,,3,1,1,,
C1259002,1280,720,,,3,1,2,,
C1259003,1280,720,,,3,1,2,,
C1259004,1280,720,,,3,1,2,,
C1259009,1280,720,,,2,1,0,,
C1259101,1280,720,,,0,1,1,,
C1259102,1280,720,,,3,1,1,,
C1259109,1280,720,,,2,1,0,,
C1259200,1280,720,,,3,1,2,,
C1259300,1280,720,,,3,1,1,,
C1259400,1280,720,,,3,1,1,,
C1259500,1280,720,,,3,1,1,,
C1259600,1280,720,,,3,1,1,,
C1259701,1280,720,,,3,1,2,,
C1259702,1280,720,,,3,1,2,,
C1259703,1280,720,,,3,1,1,,
C1259704,1280,720,,,3,1,1,,
C1259801,1280,720,,,3,1,1,,
C1259802,1280,720,,,3,1,1,,
C1259803,1280,720,,,3,1,1,,
C1259804,1280,720,,,3,1,1,,
C1259809,1280,720,,,2,1,0,,
C1259901,1280,720,,,3,1,0,,
C1259902,1280,720,,,3,1,1,,
C1259903,1280,720,,,2,1,0,,Bridge view
C1259904,1280,720,,,2,1,0,,Bridge view
C1259905,1280,720,,,2,1,1,,Bridge view
C1259906,1280,720,,,2,1,0,,Bridge view
C1259907,1280,720,,,2,1,0,,Bridge view
C1259908,1280,720,,,2,1,0,,Bridge view
C1259909,1280,720,,,2,1,0,,
C1260101,1280,720,,,0,1,0,,
C1260102,1280,720,,,0,1,0,,
C1260108,1280,720,,,,,,,Lake View?
C1260109,1280,720,,,2,1,0,,
C1260201,1280,720,,,0,1,0,,
C1260202,1280,720,,,0,1,1,,
C1260209,1280,720,,,2,1,0,,
C1260401,1280,720,,,0,1,1,,
C1260402,1280,720,,,0,1,0,,
C1260403,1280,720,,,0,1,0,,
C1260404,1280,720,,,0,1,0,,
C1260409,1280,720,,,2,1,0,,
C1260501,1280,720,,,3,1,1,,
C1260502,1280,720,,,0,1,0,,
C1260509,1280,720,,,2,1,0,,
C1260601,1280,720,,,0,1,0,,
C1260701,1280,720,,,0,1,0,,
C1261101,1280,720,,,0,1,0,,
C1261200,1280,720,,,3,1,2,,
C1261300,1280,720,,,3,1,1,,
C1261400,1280,720,,,3,1,2,,
C1261801,1280,720,,,0,1,0,,
C1261802,1280,720,,,0,1,0,,
C1261809,1280,720,,,2,1,0,,
C1262000,1280,720,,,3,1,1,,
C1262100,1280,720,,,0,1,0,,
C1262200,1280,720,,,3,1,1,,
C1262401,1280,720,,,0,1,0,,
C1262501,1280,720,,,0,1,0,,Something is redacted with black box
C1450101,1280,720,,,0,1,1,,
C1450102,1280,720,,,0,1,1,,
C1450109,1280,720,,,0,1,1,,
C1450201,1280,720,,,0,1,1,,
C1450301,1280,720,,,,,,,IDK what’s that
C1450302,1280,720,,,,,,,IDK what’s that
C1450309,1280,720,,,,,,,IDK what’s that
C1450401,1280,720,,,0,1,1,,
C1450402,1280,720,,,0,1,1,,
C1450409,1280,720,,,2,1,0,,
C1450501,704,576,,,0,1,0,,
C1450502,704,576,,,0,1,0,,
C1450509,704,576,,,2,1,0,,
C1450701,1280,720,,,0,1,0,,
C1450702,1280,720,,,0,1,1,,
C1450707,,,1,,,,,,
C1450709,1280,720,,,2,1,1,,
C1450801,1280,720,,,0,1,0,,
C1450802,1280,720,,,0,1,0,,
C1450809,1280,720,,,2,1,0,,
C1450901,704,576,,,0,0,0,,
C1451001,704,576,,,0,0,1,,
C1451002,704,576,,,0,0,1,,
C1451009,704,576,,,2,0,1,,
C1451102,704,576,,,0,0,1,,
C1451201,1280,720,,,0,1,0,,
C1451202,1280,720,,,0,1,0,,
C1451203,1280,720,,,0,1,0,,
C1451209,1280,720,,,2,1,0,,
C1451301,704,576,,,0,0,0,,
C1451401,704,576,,,0,0,1,,
C1451402,704,576,,,0,0,1,,
C1451409,704,576,,,2,0,0,,
C1451501,1280,720,,,0,1,0,,No IR
C1451502,1280,720,,,0,1,0,,No IR
C1451509,1280,720,,,2,1,0,,
C1451601,1280,720,,,0,1,1,,
C1451602,1280,720,,,0,1,0,,
C1451609,1280,720,,,2,1,0,,
C1451701,704,576,,,3,0,1,,
C1451702,704,576,,,3,0,1,,
C1451709,704,576,,,2,0,0,,
C1451901,1280,720,,,3,1,1,,
C1451902,1280,720,,,3,1,1,,
C1451909,1280,720,,,2,1,0,,
C1452001,1280,720,,,3,1,1,,
C1452002,1280,720,,,3,1,1,,
C1452009,1280,720,,,2,1,0,,
C1452201,1280,720,,,0,1,0,,
C1452202,1280,720,,,0,1,0,,
C1452209,1280,720,,,2,1,0,,
C1452301,1280,720,,,0,1,0,,
C1452302,1280,720,,,0,1,0,,
C1452309,1280,720,,,2,1,0,,
C1452401,1280,720,,,0,1,0,,
C1452402,1280,720,,,0,1,0,,
C1452409,1280,720,,,2,1,0,,
C1452501,704,576,,,0,0,0,,
C1452502,704,576,,,0,0,1,,
C1452509,704,576,,,2,0,0,,
C1452601,704,576,,,3,0,1,,
C1452602,704,576,,,3,0,1,,
C1452609,704,576,,,2,0,0,,
C1452701,1280,720,,,0,1,0,,
C1452702,1280,720,,,0,1,0,,House redacted with grey
C1452709,1280,720,,,2,1,0,,
C1452801,704,576,,,0,0,0,,
C1452802,704,576,,,0,0,0,,
C1452809,704,576,,,2,0,0,,
C1453001,1280,720,,,0,1,0,,
C1453002,1280,720,,,0,1,0,,
C1453009,1280,720,,,2,1,0,,
C1453101,1280,720,,,0,1,0,,
C1453102,1280,720,,,0,1,1,,
C1453109,1280,720,,,2,1,0,,
C1453201,1280,720,,,0,1,0,,
C1453202,1280,720,,,0,1,0,,
C1453209,1280,720,,,2,1,0,,
C1453301,1280,720,,,0,1,1,,
C1453302,1280,720,,,0,1,0,,
C1453308,1280,720,,,,,,,Lake View
C1453309,1280,720,,,0,1,0,,
C1453401,704,576,,,0,0,0,,
C1453402,704,576,,,0,0,0,,
C1453409,704,576,,,2,0,0,,
C1453502,1280,720,,,0,1,1,,
C1453507,1280,720,,,0,1,1,,
C1453508,1280,720,,,,,,,Mountain View
C1453509,1280,720,,,2,1,0,,
C1453601,1280,720,,,0,1,0,,
C1453602,1280,720,,,0,1,0,,
C1453609,1280,720,,,2,1,0,,
C1453701,1280,720,,,0,1,0,,
C1453702,1280,720,,,0,1,0,,
C1453709,1280,720,,,2,1,0,,
C1453801,704,576,,,0,0,0,,
C1453802,704,576,,,0,0,0,,
C1453809,704,576,,,2,0,0,,
C1453901,704,576,,,0,0,1,,
C1453902,704,576,,,0,0,1,,
C1453909,704,576,,,2,0,0,,
C1454001,1280,720,,,0,1,0,,
C1454002,1280,720,,,0,1,1,,
C1454007,1280,720,,,,,,,Lake View
C1454009,1280,720,,,2,1,0,,
C1454101,704,576,,,0,0,0,,
C1454102,704,576,,,0,0,0,,
C1454109,704,576,,,2,0,0,,
C1454201,1280,720,,,0,1,1,,
C1454202,1280,720,,,0,1,1,,
C1454209,1280,720,,,2,1,0,,
C1454301,704,576,,,0,0,1,,
C1454302,704,576,,,0,0,0,,
C1454309,704,576,,,2,0,0,,
C1454401,1280,720,,,0,1,1,,
C1454402,1280,720,,,0,1,1,,
C1454407,1280,720,,,0,1,1,,
C1454409,1280,720,,,2,1,0,,
C1454601,704,576,,,0,0,0,,
C1454602,704,576,,,0,0,1,,
C1454609,704,576,,,2,0,0,,
C1455401,704,576,,,0,0,1,,
C1455402,704,576,,,0,0,0,,
C1455409,704,576,,,2,0,0,,
C1455501,1280,720,,,0,1,0,,
C1455502,1280,720,,,0,1,0,,
C1455509,1280,720,,,2,1,0,,
C1455601,704,576,,,3,0,1,,
C1455602,704,576,,,3,0,1,,
C1455609,704,576,,,2,0,0,,
C1455701,704,576,,,3,0,1,,
C1455702,704,576,,,3,0,1,,
C1455709,704,576,,,2,0,1,,
C1455801,1280,720,,,3,1,1,,
C1455802,1280,720,,,3,1,1,,
C1455809,1280,720,,,2,1,0,,
C1455901,704,576,,,3,0,2,,
C1455902,704,576,,,3,0,1,,
C1455909,704,576,,,2,0,0,,
C1456001,704,576,,,3,0,1,,
C1456002,704,576,,,3,0,1,,
C1456009,704,576,,,2,0,0,,
C1456101,704,576,,,3,0,1,,
C1456102,704,576,,,3,0,2,,
C1456109,704,576,,,2,0,0,,
C1456209,704,576,,,0,0,1,,
C1456301,704,576,,,0,0,0,,
C1456302,704,576,,,0,0,0,,
C1456309,704,576,,,0,0,0,,
C1456401,704,576,,,0,0,0,,
C1456402,704,576,,,0,0,0,,
C1456409,704,576,,,2,0,1,,
C1456601,704,576,,,0,0,0,,
C1456602,704,576,,,0,0,0,,No IR
C1456606,704,576,,,0,0,0,,No IR
C1456609,704,576,,,2,0,0,,
C1456701,1280,720,,,3,1,1,,
C1456801,1280,720,,,3,1,1,,
C1456901,1280,720,,,0,1,0,,
C1457101,1280,720,,,0,1,1,,
C1457102,1280,720,,,0,1,1,,No IR
C1457109,1280,720,,,2,1,0,,
C1457301,1280,720,,,0,1,1,,
C1457302,1280,720,,,0,1,0,,
C1457305,1280,720,,,,,,,Lake View
C1457309,1280,720,,,2,1,0,,
C1457401,1280,720,,,0,1,0,,
C1457402,1280,720,,,0,1,0,,
C1457409,1280,720,,,2,1,0,,
C1457501,1280,720,,,3,1,0,,
C1457502,1280,720,,,3,1,0,,
C1457509,1280,720,,,2,1,0,,
C1457801,1280,720,,,0,1,0,,
C1457802,1280,720,,,0,1,0,,
C1457808,1280,720,,,,,,,Tower View
C1457809,1280,720,,,2,1,0,,
C1457901,1280,720,,,0,1,0,,
C1458001,1280,720,,,0,1,0,,
C1458101,1280,720,,,0,1,0,,
C1458102,1280,720,,,0,1,1,,
C1458109,1280,720,,,2,1,0,,
C1458201,1280,720,,,0,1,0,,
C1458202,1280,720,,,0,1,0,,
C1458209,1280,720,,,2,1,0,,
C1458301,1280,720,,,0,1,0,,
C1458302,1280,720,,,0,1,1,,
C1458309,1280,720,,,2,1,0,,
C1458401,1280,720,,,0,1,0,,
C1458402,1280,720,,,0,1,0,,
C1458409,1280,720,,,2,1,0,,
C1458501,1280,720,,,0,1,1,,
C1458502,1280,720,,,0,1,0,,
C1458509,1280,720,,,2,1,0,,
C1458601,1280,720,,,0,1,0,,
C1458602,1280,720,,,0,1,1,,
C1458609,1280,720,,,2,1,0,,
C1458701,1280,720,,,0,1,0,,
C1458801,1280,720,,,0,1,0,,
C1458901,1280,720,,,0,1,0,,
C1650101,704,576,,,3,0,1,,
C1650200,704,576,,,3,0,1,,
C1650300,704,576,,,3,0,2,,
C1650400,704,576,,,3,0,1,,
C1650500,704,576,,,3,0,1,,
C1650600,704,576,,,3,0,1,,
C1650700,704,576,,,3,0,1,,
C1650800,704,576,,,3,0,1,,
C1650900,704,576,,,3,0,1,,
C1651000,704,576,,,3,0,1,,
C1651100,704,576,,,3,0,1,,
